subject_id,relative_path,bytes,sha256
rustrepotrans__c__clean,scaffold/.gitignore,56,74540f04f1932096dab84aaa7eb78fc4fbbe742a26609562674e3446c04e3d6a
rustrepotrans__c__clean,scaffold/Cargo.lock,18365,bdc2748ff7a7cfcdbfc5c8b2c487ece9dca6b33d7bc427422e826bc9ec35fa26
rustrepotrans__c__clean,scaffold/Cargo.toml,1532,75610a982a8ceeaa3b16d3bf032f00f2c62a954d9c06f89e931984e21bba7710
rustrepotrans__c__clean,scaffold/LICENSE,11357,58d1e17ffe5109a7ae296caafcadfdbe6a7d176f0bc4ab01e12a689b0499d8bd
rustrepotrans__c__clean,scaffold/README.md,1488,24bd6a0905976c278e7d64a4e24bc8dc6ce06798a73291ea2676dec9ce20fc7c
rustrepotrans__c__clean,scaffold/benches/BenchtestALL.rs,21637,765b6ff2ad64721524813572331fa63dd6439a80090559653483517f81fae7b4
rustrepotrans__c__clean,scaffold/benches/bls381.rs,11063,14a45c0202fe7e0ccf8a8a7b3892b7799c11f725b3e3538051f6747558c6b62e
rustrepotrans__c__clean,scaffold/benches/bn254.rs,3227,26ee9cb85d6bdee572a7354605fb46433bdfdf49d8e4dec46cd11300dea1d4eb
rustrepotrans__c__clean,scaffold/benches/ed25519.rs,2246,f15979dd7ece45eef0ea49be38ebdd9da5470c14e523f557975b208949864654
rustrepotrans__c__clean,scaffold/benches/goldilocks.rs,2249,dfaa5d5c8fde25341ed7329dd75c419239f99c363a0b1a5a59d78a9e066f6869
rustrepotrans__c__clean,scaffold/benches/nist256.rs,2246,90a90177cdcaca3ebf742f01abeeeda25ef6db1f5094b1d2f724e0959f673745
rustrepotrans__c__clean,scaffold/benches/rsa2048.rs,2558,b7f4553c8eb3d08cf88c2824cf177d16f299d3cdc53a9d134753a6b8828332fe
rustrepotrans__c__clean,scaffold/benches/rsa3072.rs,2558,d2e43cd7f56962c7a180cf8d818f77d189e0c11227281af6fac87944c8ab8353
rustrepotrans__c__clean,scaffold/benches/rsa4096.rs,2558,5a8f3c5755db417426f9aae0adb95e6538494a1f953dd4f9f9fdce2c691024aa
rustrepotrans__c__clean,scaffold/deploy.token,685,ff0d49c6cd50bf655a5e1610345a14ac7c8f81e0c4e5ea67152f428d77dff606
rustrepotrans__c__clean,scaffold/fuzz/.gitignore,25,254510c2c60d231ec3a5ecf9fe7f0c9fd5152ae7a09e2cebefaee9ec01a4b6c4
rustrepotrans__c__clean,scaffold/fuzz/Cargo.toml,599,ea8637625289f911b0bfd011ff12d9badb1536625ea9b752536da10764f293c8
rustrepotrans__c__clean,scaffold/fuzz/fuzz_targets/bls381_deserialize_g1.rs,447,be33a0370158052250559e78b5712fc18fe1c045bbee100ada2af3cd2b4a4823
rustrepotrans__c__clean,scaffold/fuzz/fuzz_targets/bls381_deserialize_g2.rs,446,17e753bf09325cfbe503a1c121ffe53b736888c0e81dd958536e15fc325e9e07
rustrepotrans__c__clean,scaffold/fuzz/fuzz_targets/bls381_secret_key_from_bytes.rs,305,0c07aed171bc8ef83dbc0e81fac25327af114767a297809d1cdcab33eacd8573
rustrepotrans__c__clean,scaffold/rust-toolchain.toml,31,9bbf52e37f50c5f5ece3bef4d97271ac48d6ee626c16415486a9469139319812
rustrepotrans__c__clean,scaffold/src/aes.rs,30458,973181c8e807d507ed91b25587fb23a283ec7b4472ef616b20b2016bb1ba8dc0
rustrepotrans__c__clean,scaffold/src/arch/arch32.rs,836,60490176b986ba7b40da711725e3eed0d6e716fe9785763ce738bd7821b896ca
rustrepotrans__c__clean,scaffold/src/arch/arch64.rs,837,78b14b4324711bbba4f636f585df42017e95f848dd347db09425bab30d22930b
rustrepotrans__c__clean,scaffold/src/big.rs,32485,36f3b78287a7969fdf8b4b488b72585cf805589ba13a00eef9dfb9f65cbcbdef
rustrepotrans__c__clean,scaffold/src/bls.rs,3572,20f5f6880ea3e12260bd5aadb38e9ae54c53e64c680b31d16a010d622f5df6ff
rustrepotrans__c__clean,scaffold/src/bls192.rs,3603,fce65307d15db46828b1ce931166bbf0d0dc91418e30e24a22bda4d3aff332e6
rustrepotrans__c__clean,scaffold/src/bls256.rs,3603,59a53ffd1de4f263662c16952f68c1d1187832f37a6477cbf4dce350ac3c6477
rustrepotrans__c__clean,scaffold/src/bls381/basic.rs,5832,affa7f6ff1c5693af4058747647ec4aaca5aeab5ce127d284a6252c38da5c25f
rustrepotrans__c__clean,scaffold/src/bls381/core.rs,41616,9a6610ea84349cbf6a37e1efebd1764b1701e38dd971f4675689e98d2599646c
rustrepotrans__c__clean,scaffold/src/bls381/iso.rs,7824,4043f42817e6b4dfb299f68f4a34e90bf41d6368cb5f25e0f38ab4d82d4e277d
rustrepotrans__c__clean,scaffold/src/bls381/iso_constants_x32.rs,14966,f41d1d4f9b8cabfe1bf49492cf9fe41480c862dfccecbafb9b6adc02cba3418b
rustrepotrans__c__clean,scaffold/src/bls381/iso_constants_x64.rs,14932,8a8acbd020f503a3f0544e023ce4965ff0f134e970997c91612085556866b168
rustrepotrans__c__clean,scaffold/src/bls381/message_augmentation.rs,6971,361004737d000171a85881407d1def6b2e5e7997b4498f21cd7bf1a08de5280c
rustrepotrans__c__clean,scaffold/src/bls381/mod.rs,1536,e0812d09d1f5bbeacb9cebc0921c3102543345e0bef661c3acd5aff2481a395b
rustrepotrans__c__clean,scaffold/src/bls381/proof_of_possession.rs,11255,47fa57037ff5077827c06e961f40e438a8c38b3eb545ec39f795b37d12a98628
rustrepotrans__c__clean,scaffold/src/bls381/utils.rs,1032,a391836e274273b2898c2780cd980ea055e9a784ce1fc927bd139a419a415119
rustrepotrans__c__clean,scaffold/src/dbig.rs,8067,51a05a1357a015472a82f5e0391b3038b7f19adb85deee8eda8576b8bdd34b77
rustrepotrans__c__clean,scaffold/src/ecdh.rs,21605,12d2a595bc4dff3f8c1da79d11e10f2a17200277135916823b79d5e75111c62e
rustrepotrans__c__clean,scaffold/src/ecp.rs,34733,22b651af81310ebdd7180f50cc8183004a1a68e29f77f33435faa27fd92552f3
rustrepotrans__c__clean,scaffold/src/ecp2.rs,20579,2205c8ae01d2e6e7a047c3de94b288d6ee9548343d961257e071bade69fe875d
rustrepotrans__c__clean,scaffold/src/ecp4.rs,21985,1f93031dc23b2585864663ec2738068e546406a2531dd7f7c8f5230f85a9f731
rustrepotrans__c__clean,scaffold/src/ecp8.rs,30695,2338fb4ae64afd19d2520c9d4a4cef046f8a01feff08ba4bca24636cf4ee7fa3
rustrepotrans__c__clean,scaffold/src/errors.rs,233,46fdb098efae1ea67878a342b2984f86b2319333001ba9c252b78ac7162d2b42
rustrepotrans__c__clean,scaffold/src/ff.rs,27893,9defd69cdb0f172232676151de7a7e8874cc349240fe7ed393501cd80a2491d8
rustrepotrans__c__clean,scaffold/src/fp.rs,19341,26fe4e067987f62f10bd942caa5833c9b0297cce74159188936b49a029793d8f
rustrepotrans__c__clean,scaffold/src/fp12.rs,27921,aa7c0eb5684e44f477efc4a1acf6efb3cc4c0b5cd4e6b1e7ac308e5396a9fa60
rustrepotrans__c__clean,scaffold/src/fp16.rs,14767,20d7d66ca9ed3e5e6714e5d6dc14b75200a36ed6ab7b2045614e2edc687f5ac1
rustrepotrans__c__clean,scaffold/src/fp2.rs,10084,2b3dc37ad9248a90d009c4bd4fb029c1de54730084e520d905330c0c858166e5
rustrepotrans__c__clean,scaffold/src/fp24.rs,32283,0000b944539eeb35d214a56a0a2c85bbd1976d4b377aaefb92728c9d5b368ab1
rustrepotrans__c__clean,scaffold/src/fp4.rs,17270,175575e878686dd8383a2e9e5859f4452c3e5112fe7603469b58d86cb62a9bbd
rustrepotrans__c__clean,scaffold/src/fp48.rs,41689,388499ca649b499465e5f8147c0eff2d856ff93ed5555b6d76eee32f13aeeac3
rustrepotrans__c__clean,scaffold/src/fp8.rs,17074,c3a0a95bc9c899644a2375d70c992fe4a2209f8008274c62efa757b23df1a5c7
rustrepotrans__c__clean,scaffold/src/gcm.rs,13718,c559e0b77bdcdcea894b34a3be2a07d480a38c3b5e737015404382cb3827463b
rustrepotrans__c__clean,scaffold/src/hash256.rs,14794,fd231e48210c79bb676c2d3fc070ec35a95f61864e329db79f8d27fc5676685f
rustrepotrans__c__clean,scaffold/src/hash384.rs,13036,927bc8babc8dbfb8520ce0d72092e538ae902025002ade609036909ed851d1ac
rustrepotrans__c__clean,scaffold/src/hash512.rs,17403,31f670017c3de4de40caa2f5c74726aab428fc66d098ab69f51364238322892b
rustrepotrans__c__clean,scaffold/src/hash_to_curve.rs,10478,4072fcf726b32a5abeb48fff82cea856c4d1c46f08986027e004c26ed29248d5
rustrepotrans__c__clean,scaffold/src/lib.rs,11388,1433e15a453691fb68cde4952057c9a01a0e17c1b4f93739b594121f56c1d3c6
rustrepotrans__c__clean,scaffold/src/mpin.rs,29037,4aa1b200b019028586118f98c20fd781ab533c6a523979e45862681549a593fe
rustrepotrans__c__clean,scaffold/src/mpin192.rs,29829,cc9a33091df274b4897d7fe39880b25165d2a38190875760b3616a234c6860ef
rustrepotrans__c__clean,scaffold/src/mpin256.rs,30888,c0a8caafeebc277e0e62a90560a0aa89da5432c947ff458b15d0581358548a79
rustrepotrans__c__clean,scaffold/src/nhs.rs,29669,ee872cc393b8de83b716bdf27826b912e1fa773f8cafce6f67a3eeb0feadbe74
rustrepotrans__c__clean,scaffold/src/pair.rs,18167,6ea00c4941304dd692b93a359b06b83861a23992fe4583648b07a401a8dffb41
rustrepotrans__c__clean,scaffold/src/pair192.rs,13477,090cc1c221a43297d29ca74c0203197a82d42172377c9d310ae08cbe0317356a
rustrepotrans__c__clean,scaffold/src/pair256.rs,15732,41feb039deb382a107e34f3f16380024eb46984e24f7a11850244ae584a13077
rustrepotrans__c__clean,scaffold/src/rand.rs,4545,d3b366fba59ac1c90aa56ab1a8efdcb885f0c0b1f09a4ca30dddace8102ba0c6
rustrepotrans__c__clean,scaffold/src/roms/rom_anssi_32.rs,2599,3896471aecdf1984aac446510923caef5fdc7c132bb9aa1006bc796c275b7599
rustrepotrans__c__clean,scaffold/src/roms/rom_anssi_64.rs,2537,4f3ea27ea96451f7c79551e7074bab0b6d7e6d81ebf41068f3320c570da00687
rustrepotrans__c__clean,scaffold/src/roms/rom_bls24_32.rs,6283,0fd125a5a8d1ff6ccc5689cdbdd963ab33dc66916edfab7f05fe2c3232ed06a8
rustrepotrans__c__clean,scaffold/src/roms/rom_bls24_64.rs,6008,c1ce05ec519811ed168a63a79eb39f4584dda01a8f88a1483cfce9b6b47c5fd8
rustrepotrans__c__clean,scaffold/src/roms/rom_bls381_32.rs,6649,a3831c117b172eeeef85521105bf221aee4b416129dc6c38159925f0b2e31cc6
rustrepotrans__c__clean,scaffold/src/roms/rom_bls381_64.rs,6150,f28e6b367b20f70577cb11c45d0f08f2bc25db2f88da44316d8156ed315f37a1
rustrepotrans__c__clean,scaffold/src/roms/rom_bls383_32.rs,4760,0f78c9934baadbbecefe33f908a3330ee193b28844ec27d3ba077f73e0dca36d
rustrepotrans__c__clean,scaffold/src/roms/rom_bls383_64.rs,4569,07b40e560cf56c47fe1760056fe0487e055c94a5b329ec5bf09788238073cb77
rustrepotrans__c__clean,scaffold/src/roms/rom_bls461_32.rs,5134,6d49142d9e6f78f1b976adbfe79e993bb29227a1db6d84de78f80bccbdb5d18c
rustrepotrans__c__clean,scaffold/src/roms/rom_bls461_64.rs,4887,84d691e7cc3e2ac93ed0cf50c0177c002b01a25cdb2ef4d7e018b94f14dfdb8f
rustrepotrans__c__clean,scaffold/src/roms/rom_bls48_32.rs,9100,23bd291bd51d02c72d255fe2b62804688a115edfa5223ad5a4e6f26708469f33
rustrepotrans__c__clean,scaffold/src/roms/rom_bls48_64.rs,8641,00f9304415ee6e9dc5a4c36804639c5d0e09dd93b7db4e0d0ec1cb118783e631
rustrepotrans__c__clean,scaffold/src/roms/rom_bn254_32.rs,6227,4a352c8a48b174b42390b65b41f7a14ed807604734d5766900c5486ec87880e1
rustrepotrans__c__clean,scaffold/src/roms/rom_bn254_64.rs,5774,d26c7d01ede57706110f0cec694b9cc54684b74f5ced8ad6603dcaa838ea7266
rustrepotrans__c__clean,scaffold/src/roms/rom_bn254cx_32.rs,6608,f71e5438aab2a49855d78b5b345e3fdcbcc8a3a808340c3be5f99df2d841744d
rustrepotrans__c__clean,scaffold/src/roms/rom_bn254cx_64.rs,6125,783324b13d1cf86c341a218f9e85ab9abf81dc6aedf37e68b973c8426c0e73ad
rustrepotrans__c__clean,scaffold/src/roms/rom_brainpool_32.rs,2702,6fc7aece041e107082e3df5671394b52a7efff59e9da03ca798936582fa62483
rustrepotrans__c__clean,scaffold/src/roms/rom_brainpool_64.rs,2637,32c9958ff3b03a03700bad4b7718c6c8c008c0ca5d187e8d15bd959872f20477
rustrepotrans__c__clean,scaffold/src/roms/rom_c25519_32.rs,2304,8eee15da55f012c5cdc0d5577cf87b678163ebab8e6c6c5da49179dc84e35f02
rustrepotrans__c__clean,scaffold/src/roms/rom_c25519_64.rs,2183,af579d4d68527ce8f39b200b061462f3037d10ed149f05b2ad6f1bcbad8eeed2
rustrepotrans__c__clean,scaffold/src/roms/rom_c41417_32.rs,2746,dc2cb45c7090694c93915860d84be4b65738ae79230e292c002ae3d5db101be8
rustrepotrans__c__clean,scaffold/src/roms/rom_c41417_64.rs,2499,29c7ee4fcec0ad67a7b61ce1029d683d065a24d27bc1ddfd365d326e5a665e94
rustrepotrans__c__clean,scaffold/src/roms/rom_ed25519_32.rs,2500,e7ca453692c1d243ef17d6d39b5dcde1c8bb0a5664c5e058af2df4954e0c1989
rustrepotrans__c__clean,scaffold/src/roms/rom_ed25519_64.rs,2422,0a64a57538513db7f398fea3e3f1864770db6a4960c8d449c2b7b93784e1d398
rustrepotrans__c__clean,scaffold/src/roms/rom_fp256bn_32.rs,6635,4a040a8fe0ede128e63928e2d186ef9f405447415a2f3cd533ddd2e53755f4c0
rustrepotrans__c__clean,scaffold/src/roms/rom_fp256bn_64.rs,6150,09515215e0b7c010bb969f4ceb5e14818e5e4c9559ebf82afdf408c4901fd936
rustrepotrans__c__clean,scaffold/src/roms/rom_fp512bn_32.rs,10453,894a6ec079ca4084319ccdd825aad66007fb16853487b69b48feffb7a6a33559
rustrepotrans__c__clean,scaffold/src/roms/rom_fp512bn_64.rs,10866,d0991dae7517b4304bc8305bf8a6fc9c423d1a18bb376d087c21d342da0d2be1
rustrepotrans__c__clean,scaffold/src/roms/rom_goldilocks_32.rs,3034,1fab47857769d62769f1cf0a5df8df31ddbadd8d71a0e5b36d67ecfca5f82a24
rustrepotrans__c__clean,scaffold/src/roms/rom_goldilocks_64.rs,2884,660bb9ad8d12592b33b3fe3d18fe1c444b170ec35191ab3a8e41b78711d4be00
rustrepotrans__c__clean,scaffold/src/roms/rom_hifive_32.rs,2534,9f86fd03f9386dfcd37e117e17b7934aa77520156cf7a69d8366784b8f7cfb55
rustrepotrans__c__clean,scaffold/src/roms/rom_hifive_64.rs,2387,bc549fb2b8c6eae741ee9614d2267b0df68485a8e2d5131fc01f94f05f6cc816
rustrepotrans__c__clean,scaffold/src/roms/rom_nist256_32.rs,2615,7cebd8f9b23f5b1fb77195fd892a8a15d60d5f5b3847218aeef0cc665e5c4676
rustrepotrans__c__clean,scaffold/src/roms/rom_nist256_64.rs,2511,a2635f560072342a039a94538f278fe0832229077f1ebd0deb7413bde8e02a39
rustrepotrans__c__clean,scaffold/src/roms/rom_nist384_32.rs,2898,503d75d95a30ac7a2b6a0417abf8b672dda0c601420ff510b729d8acfce8c212
rustrepotrans__c__clean,scaffold/src/roms/rom_nist384_64.rs,2778,748f35049ed746796d2511e79d289c249c0752c5ffff2c38bf668d6666b6bd7e
rustrepotrans__c__clean,scaffold/src/roms/rom_nist521_32.rs,3185,4be8cc63049d0fa9556d9fa270effcf6100a6182565382724f74102b430372ac
rustrepotrans__c__clean,scaffold/src/roms/rom_nist521_64.rs,2991,f77524876fa7abcc801074210d968d7203eee6ad8d685e82904e5197ef18aefb
rustrepotrans__c__clean,scaffold/src/roms/rom_nums256e_32.rs,2529,509210bc6747e91cce33a148c871ebaa01e9e279aaed6442f26b6c7518682760
rustrepotrans__c__clean,scaffold/src/roms/rom_nums256e_64.rs,2426,c02c765290bce8b86e1ff6f1209e990e29822c362f227e44f5f60400975fe2ed
rustrepotrans__c__clean,scaffold/src/roms/rom_nums256w_32.rs,2493,794e88f6fa3c148b16b0fe2921f1ddcba80c6442d6d700f41e58be20c789f09e
rustrepotrans__c__clean,scaffold/src/roms/rom_nums256w_64.rs,2395,9442a3c8eb5ce870d2a91c07b3d8115d6b8019598526a68d51c5131cbd594c3b
rustrepotrans__c__clean,scaffold/src/roms/rom_nums384e_32.rs,2878,4642ca9398e85eb1215f152e1ea394c12ec379a0bb8921eea60dc14009451181
rustrepotrans__c__clean,scaffold/src/roms/rom_nums384e_64.rs,2722,f0fa7fcf88b65284777566d43db16a63bdbbb1cb126bfc5c0dd00a7b56c05126
rustrepotrans__c__clean,scaffold/src/roms/rom_nums384w_32.rs,2881,817f483dade1550da8234b31f59a2fbdf2971c99f3fbdad6d878ea823c3be8ca
rustrepotrans__c__clean,scaffold/src/roms/rom_nums384w_64.rs,2740,218aef6d1e7eb30e9006463c2613b99bbaa5cbf4ac0450680b510e3412cb9be2
rustrepotrans__c__clean,scaffold/src/roms/rom_nums512e_32.rs,3193,4d609ba56b5944d57453f97033bbad2277019ced7d09837bf1c0585d0302e202
rustrepotrans__c__clean,scaffold/src/roms/rom_nums512e_64.rs,2992,a3f7281e6454be6834646458f074613da9597284edd24880823ea316810638f3
rustrepotrans__c__clean,scaffold/src/roms/rom_nums512w_32.rs,3076,fabdb3f53efb507e1fde834a5abe11e65663262076988bc81378a643ecf5cd87
rustrepotrans__c__clean,scaffold/src/roms/rom_nums512w_64.rs,2842,0d7204cebb372434521907e15f4b36f8ab80aed8a2dfdf02066bf915c79e6739
rustrepotrans__c__clean,scaffold/src/roms/rom_rsa2048_32.rs,93,66941eebadc1e96354668b9b514248f26b804e26f56de5388efce3aa2d3341ec
rustrepotrans__c__clean,scaffold/src/roms/rom_rsa2048_64.rs,93,357fe2eb5185c323700053acde399e6e3a905b4667166dcc7bdfadd42646cf83
rustrepotrans__c__clean,scaffold/src/roms/rom_rsa3072_32.rs,92,2fe96d2ef6644912f75eec634dd0ac43a82cd1e80a3d8ba3234609ceefd5d7cd
rustrepotrans__c__clean,scaffold/src/roms/rom_rsa3072_64.rs,92,9752ca2672a55a051101355ffb13247ac072b58fb4a1c08d2fcde1eb82b7b6e0
rustrepotrans__c__clean,scaffold/src/roms/rom_rsa4096_32.rs,92,00219b4f063f1dfd9ea707eaf3527dadcf6fe8b624416624f25d78fa9c50118f
rustrepotrans__c__clean,scaffold/src/roms/rom_rsa4096_64.rs,92,e51e0a10f3453cef3a8b9d93e5e29aa5b81b8dec87db1ec7b9cdad6723f728c8
rustrepotrans__c__clean,scaffold/src/roms/rom_secp256k1_32.rs,2555,4a19a1c17e158cb66ff60c30bedde051db198a644cb72d05384d584f1539092d
rustrepotrans__c__clean,scaffold/src/roms/rom_secp256k1_64.rs,2458,bb832c34a76f406ab1434b71d759f165a4db15362ec257178470ea562d216f90
rustrepotrans__c__clean,scaffold/src/rsa.rs,11183,bca2d2650ec3347eb187bbd5c50d56c0cc9431c16f819ffd234f3c1520966aa0
rustrepotrans__c__clean,scaffold/src/sha3.rs,8403,fccdb8d2e4736f2385320ca1f4109eed027b3fe2198b0354bc5283d4106be9a2
rustrepotrans__c__clean,scaffold/src/test_utils/hash_to_curve_vectors/BLS12381G1_XMD:SHA-256_SSWU_NU_.json,4430,1931b45a08985cb0f5dd277266b9a1468df34948c65b068d9bcfde396310dfc1
rustrepotrans__c__clean,scaffold/src/test_utils/hash_to_curve_vectors/BLS12381G1_XMD:SHA-256_SSWU_RO_.json,6244,9ed93f6ae3e5d3e2ef48d7f3a954ac4ccc0702f693e62b2f48798348618ef6cc
rustrepotrans__c__clean,scaffold/src/test_utils/hash_to_curve_vectors/BLS12381G2_XMD:SHA-256_SSWU_NU_.json,7099,d0c4807b8ddda91dc83d3cd3cc4064709975a15ebd88eee7ba214269a49cb61b
rustrepotrans__c__clean,scaffold/src/test_utils/hash_to_curve_vectors/BLS12381G2_XMD:SHA-256_SSWU_RO_.json,10398,7ff2010d99cd886ab8e951ae1ed657b57e6b95fe6029fa4a0f519ea5ca29f126
rustrepotrans__c__clean,scaffold/src/test_utils/mod.rs,1671,ecc8ab864bbadf46d853fb4ba32b4d8df2025dbf40458633d824cf34315fd17d
rustrepotrans__c__clean,scaffold/src/test_utils/test_vector_structs.rs,1535,eba208a7673ab320a7e58cd64f760322b502fc1b699842c98274735ab1cdf0fe
rustrepotrans__c__clean,scaffold/src/types.rs,668,9fa809a20b142755351d7b1f825ba5f7b607a3a15d7c70bb69997498232585e2
rustrepotrans__java__set,scaffold/.gitignore,56,74540f04f1932096dab84aaa7eb78fc4fbbe742a26609562674e3446c04e3d6a
rustrepotrans__java__set,scaffold/Cargo.lock,18365,bdc2748ff7a7cfcdbfc5c8b2c487ece9dca6b33d7bc427422e826bc9ec35fa26
rustrepotrans__java__set,scaffold/Cargo.toml,1532,75610a982a8ceeaa3b16d3bf032f00f2c62a954d9c06f89e931984e21bba7710
rustrepotrans__java__set,scaffold/LICENSE,11357,58d1e17ffe5109a7ae296caafcadfdbe6a7d176f0bc4ab01e12a689b0499d8bd
rustrepotrans__java__set,scaffold/README.md,1488,24bd6a0905976c278e7d64a4e24bc8dc6ce06798a73291ea2676dec9ce20fc7c
rustrepotrans__java__set,scaffold/benches/BenchtestALL.rs,21637,765b6ff2ad64721524813572331fa63dd6439a80090559653483517f81fae7b4
rustrepotrans__java__set,scaffold/benches/bls381.rs,11063,14a45c0202fe7e0ccf8a8a7b3892b7799c11f725b3e3538051f6747558c6b62e
rustrepotrans__java__set,scaffold/benches/bn254.rs,3227,26ee9cb85d6bdee572a7354605fb46433bdfdf49d8e4dec46cd11300dea1d4eb
rustrepotrans__java__set,scaffold/benches/ed25519.rs,2246,f15979dd7ece45eef0ea49be38ebdd9da5470c14e523f557975b208949864654
rustrepotrans__java__set,scaffold/benches/goldilocks.rs,2249,dfaa5d5c8fde25341ed7329dd75c419239f99c363a0b1a5a59d78a9e066f6869
rustrepotrans__java__set,scaffold/benches/nist256.rs,2246,90a90177cdcaca3ebf742f01abeeeda25ef6db1f5094b1d2f724e0959f673745
rustrepotrans__java__set,scaffold/benches/rsa2048.rs,2558,b7f4553c8eb3d08cf88c2824cf177d16f299d3cdc53a9d134753a6b8828332fe
rustrepotrans__java__set,scaffold/benches/rsa3072.rs,2558,d2e43cd7f56962c7a180cf8d818f77d189e0c11227281af6fac87944c8ab8353
rustrepotrans__java__set,scaffold/benches/rsa4096.rs,2558,5a8f3c5755db417426f9aae0adb95e6538494a1f953dd4f9f9fdce2c691024aa
rustrepotrans__java__set,scaffold/deploy.token,685,ff0d49c6cd50bf655a5e1610345a14ac7c8f81e0c4e5ea67152f428d77dff606
rustrepotrans__java__set,scaffold/fuzz/.gitignore,25,254510c2c60d231ec3a5ecf9fe7f0c9fd5152ae7a09e2cebefaee9ec01a4b6c4
rustrepotrans__java__set,scaffold/fuzz/Cargo.toml,599,ea8637625289f911b0bfd011ff12d9badb1536625ea9b752536da10764f293c8
rustrepotrans__java__set,scaffold/fuzz/fuzz_targets/bls381_deserialize_g1.rs,447,be33a0370158052250559e78b5712fc18fe1c045bbee100ada2af3cd2b4a4823
rustrepotrans__java__set,scaffold/fuzz/fuzz_targets/bls381_deserialize_g2.rs,446,17e753bf09325cfbe503a1c121ffe53b736888c0e81dd958536e15fc325e9e07
rustrepotrans__java__set,scaffold/fuzz/fuzz_targets/bls381_secret_key_from_bytes.rs,305,0c07aed171bc8ef83dbc0e81fac25327af114767a297809d1cdcab33eacd8573
rustrepotrans__java__set,scaffold/rust-toolchain.toml,31,9bbf52e37f50c5f5ece3bef4d97271ac48d6ee626c16415486a9469139319812
rustrepotrans__java__set,scaffold/src/aes.rs,30458,973181c8e807d507ed91b25587fb23a283ec7b4472ef616b20b2016bb1ba8dc0
rustrepotrans__java__set,scaffold/src/arch/arch32.rs,836,60490176b986ba7b40da711725e3eed0d6e716fe9785763ce738bd7821b896ca
rustrepotrans__java__set,scaffold/src/arch/arch64.rs,837,78b14b4324711bbba4f636f585df42017e95f848dd347db09425bab30d22930b
rustrepotrans__java__set,scaffold/src/big.rs,32515,4c6a9456e60efb65a1d8a3f2d082a2e60fc04f018fe8a290b7c54b3c037b6cf9
rustrepotrans__java__set,scaffold/src/bls.rs,3572,20f5f6880ea3e12260bd5aadb38e9ae54c53e64c680b31d16a010d622f5df6ff
rustrepotrans__java__set,scaffold/src/bls192.rs,3603,fce65307d15db46828b1ce931166bbf0d0dc91418e30e24a22bda4d3aff332e6
rustrepotrans__java__set,scaffold/src/bls256.rs,3603,59a53ffd1de4f263662c16952f68c1d1187832f37a6477cbf4dce350ac3c6477
rustrepotrans__java__set,scaffold/src/bls381/basic.rs,5832,affa7f6ff1c5693af4058747647ec4aaca5aeab5ce127d284a6252c38da5c25f
rustrepotrans__java__set,scaffold/src/bls381/core.rs,41616,9a6610ea84349cbf6a37e1efebd1764b1701e38dd971f4675689e98d2599646c
rustrepotrans__java__set,scaffold/src/bls381/iso.rs,7824,4043f42817e6b4dfb299f68f4a34e90bf41d6368cb5f25e0f38ab4d82d4e277d
rustrepotrans__java__set,scaffold/src/bls381/iso_constants_x32.rs,14966,f41d1d4f9b8cabfe1bf49492cf9fe41480c862dfccecbafb9b6adc02cba3418b
rustrepotrans__java__set,scaffold/src/bls381/iso_constants_x64.rs,14932,8a8acbd020f503a3f0544e023ce4965ff0f134e970997c91612085556866b168
rustrepotrans__java__set,scaffold/src/bls381/message_augmentation.rs,6971,361004737d000171a85881407d1def6b2e5e7997b4498f21cd7bf1a08de5280c
rustrepotrans__java__set,scaffold/src/bls381/mod.rs,1536,e0812d09d1f5bbeacb9cebc0921c3102543345e0bef661c3acd5aff2481a395b
rustrepotrans__java__set,scaffold/src/bls381/proof_of_possession.rs,11255,47fa57037ff5077827c06e961f40e438a8c38b3eb545ec39f795b37d12a98628
rustrepotrans__java__set,scaffold/src/bls381/utils.rs,1032,a391836e274273b2898c2780cd980ea055e9a784ce1fc927bd139a419a415119
rustrepotrans__java__set,scaffold/src/dbig.rs,8067,51a05a1357a015472a82f5e0391b3038b7f19adb85deee8eda8576b8bdd34b77
rustrepotrans__java__set,scaffold/src/ecdh.rs,21605,12d2a595bc4dff3f8c1da79d11e10f2a17200277135916823b79d5e75111c62e
rustrepotrans__java__set,scaffold/src/ecp.rs,34733,22b651af81310ebdd7180f50cc8183004a1a68e29f77f33435faa27fd92552f3
rustrepotrans__java__set,scaffold/src/ecp2.rs,20579,2205c8ae01d2e6e7a047c3de94b288d6ee9548343d961257e071bade69fe875d
rustrepotrans__java__set,scaffold/src/ecp4.rs,21985,1f93031dc23b2585864663ec2738068e546406a2531dd7f7c8f5230f85a9f731
rustrepotrans__java__set,scaffold/src/ecp8.rs,30695,2338fb4ae64afd19d2520c9d4a4cef046f8a01feff08ba4bca24636cf4ee7fa3
rustrepotrans__java__set,scaffold/src/errors.rs,233,46fdb098efae1ea67878a342b2984f86b2319333001ba9c252b78ac7162d2b42
rustrepotrans__java__set,scaffold/src/ff.rs,27893,9defd69cdb0f172232676151de7a7e8874cc349240fe7ed393501cd80a2491d8
rustrepotrans__java__set,scaffold/src/fp.rs,19341,26fe4e067987f62f10bd942caa5833c9b0297cce74159188936b49a029793d8f
rustrepotrans__java__set,scaffold/src/fp12.rs,27921,aa7c0eb5684e44f477efc4a1acf6efb3cc4c0b5cd4e6b1e7ac308e5396a9fa60
rustrepotrans__java__set,scaffold/src/fp16.rs,14767,20d7d66ca9ed3e5e6714e5d6dc14b75200a36ed6ab7b2045614e2edc687f5ac1
rustrepotrans__java__set,scaffold/src/fp2.rs,10084,2b3dc37ad9248a90d009c4bd4fb029c1de54730084e520d905330c0c858166e5
rustrepotrans__java__set,scaffold/src/fp24.rs,32283,0000b944539eeb35d214a56a0a2c85bbd1976d4b377aaefb92728c9d5b368ab1
rustrepotrans__java__set,scaffold/src/fp4.rs,17270,175575e878686dd8383a2e9e5859f4452c3e5112fe7603469b58d86cb62a9bbd
rustrepotrans__java__set,scaffold/src/fp48.rs,41689,388499ca649b499465e5f8147c0eff2d856ff93ed5555b6d76eee32f13aeeac3
rustrepotrans__java__set,scaffold/src/fp8.rs,17074,c3a0a95bc9c899644a2375d70c992fe4a2209f8008274c62efa757b23df1a5c7
rustrepotrans__java__set,scaffold/src/gcm.rs,13718,c559e0b77bdcdcea894b34a3be2a07d480a38c3b5e737015404382cb3827463b
rustrepotrans__java__set,scaffold/src/hash256.rs,14794,fd231e48210c79bb676c2d3fc070ec35a95f61864e329db79f8d27fc5676685f
rustrepotrans__java__set,scaffold/src/hash384.rs,13036,927bc8babc8dbfb8520ce0d72092e538ae902025002ade609036909ed851d1ac
rustrepotrans__java__set,scaffold/src/hash512.rs,17403,31f670017c3de4de40caa2f5c74726aab428fc66d098ab69f51364238322892b
rustrepotrans__java__set,scaffold/src/hash_to_curve.rs,10478,4072fcf726b32a5abeb48fff82cea856c4d1c46f08986027e004c26ed29248d5
rustrepotrans__java__set,scaffold/src/lib.rs,11388,1433e15a453691fb68cde4952057c9a01a0e17c1b4f93739b594121f56c1d3c6
rustrepotrans__java__set,scaffold/src/mpin.rs,29037,4aa1b200b019028586118f98c20fd781ab533c6a523979e45862681549a593fe
rustrepotrans__java__set,scaffold/src/mpin192.rs,29829,cc9a33091df274b4897d7fe39880b25165d2a38190875760b3616a234c6860ef
rustrepotrans__java__set,scaffold/src/mpin256.rs,30888,c0a8caafeebc277e0e62a90560a0aa89da5432c947ff458b15d0581358548a79
rustrepotrans__java__set,scaffold/src/nhs.rs,29669,ee872cc393b8de83b716bdf27826b912e1fa773f8cafce6f67a3eeb0feadbe74
rustrepotrans__java__set,scaffold/src/pair.rs,18167,6ea00c4941304dd692b93a359b06b83861a23992fe4583648b07a401a8dffb41
rustrepotrans__java__set,scaffold/src/pair192.rs,13477,090cc1c221a43297d29ca74c0203197a82d42172377c9d310ae08cbe0317356a
rustrepotrans__java__set,scaffold/src/pair256.rs,15732,41feb039deb382a107e34f3f16380024eb46984e24f7a11850244ae584a13077
rustrepotrans__java__set,scaffold/src/rand.rs,4701,7a8428b118495a4b9345fa4ce56f3cb3ee42cdefd5017a6353ac10b15177aa0d
rustrepotrans__java__set,scaffold/src/roms/rom_anssi_32.rs,2599,3896471aecdf1984aac446510923caef5fdc7c132bb9aa1006bc796c275b7599
rustrepotrans__java__set,scaffold/src/roms/rom_anssi_64.rs,2537,4f3ea27ea96451f7c79551e7074bab0b6d7e6d81ebf41068f3320c570da00687
rustrepotrans__java__set,scaffold/src/roms/rom_bls24_32.rs,6283,0fd125a5a8d1ff6ccc5689cdbdd963ab33dc66916edfab7f05fe2c3232ed06a8
rustrepotrans__java__set,scaffold/src/roms/rom_bls24_64.rs,6008,c1ce05ec519811ed168a63a79eb39f4584dda01a8f88a1483cfce9b6b47c5fd8
rustrepotrans__java__set,scaffold/src/roms/rom_bls381_32.rs,6649,a3831c117b172eeeef85521105bf221aee4b416129dc6c38159925f0b2e31cc6
rustrepotrans__java__set,scaffold/src/roms/rom_bls381_64.rs,6150,f28e6b367b20f70577cb11c45d0f08f2bc25db2f88da44316d8156ed315f37a1
rustrepotrans__java__set,scaffold/src/roms/rom_bls383_32.rs,4760,0f78c9934baadbbecefe33f908a3330ee193b28844ec27d3ba077f73e0dca36d
rustrepotrans__java__set,scaffold/src/roms/rom_bls383_64.rs,4569,07b40e560cf56c47fe1760056fe0487e055c94a5b329ec5bf09788238073cb77
rustrepotrans__java__set,scaffold/src/roms/rom_bls461_32.rs,5134,6d49142d9e6f78f1b976adbfe79e993bb29227a1db6d84de78f80bccbdb5d18c
rustrepotrans__java__set,scaffold/src/roms/rom_bls461_64.rs,4887,84d691e7cc3e2ac93ed0cf50c0177c002b01a25cdb2ef4d7e018b94f14dfdb8f
rustrepotrans__java__set,scaffold/src/roms/rom_bls48_32.rs,9100,23bd291bd51d02c72d255fe2b62804688a115edfa5223ad5a4e6f26708469f33
rustrepotrans__java__set,scaffold/src/roms/rom_bls48_64.rs,8641,00f9304415ee6e9dc5a4c36804639c5d0e09dd93b7db4e0d0ec1cb118783e631
rustrepotrans__java__set,scaffold/src/roms/rom_bn254_32.rs,6227,4a352c8a48b174b42390b65b41f7a14ed807604734d5766900c5486ec87880e1
rustrepotrans__java__set,scaffold/src/roms/rom_bn254_64.rs,5774,d26c7d01ede57706110f0cec694b9cc54684b74f5ced8ad6603dcaa838ea7266
rustrepotrans__java__set,scaffold/src/roms/rom_bn254cx_32.rs,6608,f71e5438aab2a49855d78b5b345e3fdcbcc8a3a808340c3be5f99df2d841744d
rustrepotrans__java__set,scaffold/src/roms/rom_bn254cx_64.rs,6125,783324b13d1cf86c341a218f9e85ab9abf81dc6aedf37e68b973c8426c0e73ad
rustrepotrans__java__set,scaffold/src/roms/rom_brainpool_32.rs,2702,6fc7aece041e107082e3df5671394b52a7efff59e9da03ca798936582fa62483
rustrepotrans__java__set,scaffold/src/roms/rom_brainpool_64.rs,2637,32c9958ff3b03a03700bad4b7718c6c8c008c0ca5d187e8d15bd959872f20477
rustrepotrans__java__set,scaffold/src/roms/rom_c25519_32.rs,2304,8eee15da55f012c5cdc0d5577cf87b678163ebab8e6c6c5da49179dc84e35f02
rustrepotrans__java__set,scaffold/src/roms/rom_c25519_64.rs,2183,af579d4d68527ce8f39b200b061462f3037d10ed149f05b2ad6f1bcbad8eeed2
rustrepotrans__java__set,scaffold/src/roms/rom_c41417_32.rs,2746,dc2cb45c7090694c93915860d84be4b65738ae79230e292c002ae3d5db101be8
rustrepotrans__java__set,scaffold/src/roms/rom_c41417_64.rs,2499,29c7ee4fcec0ad67a7b61ce1029d683d065a24d27bc1ddfd365d326e5a665e94
rustrepotrans__java__set,scaffold/src/roms/rom_ed25519_32.rs,2500,e7ca453692c1d243ef17d6d39b5dcde1c8bb0a5664c5e058af2df4954e0c1989
rustrepotrans__java__set,scaffold/src/roms/rom_ed25519_64.rs,2422,0a64a57538513db7f398fea3e3f1864770db6a4960c8d449c2b7b93784e1d398
rustrepotrans__java__set,scaffold/src/roms/rom_fp256bn_32.rs,6635,4a040a8fe0ede128e63928e2d186ef9f405447415a2f3cd533ddd2e53755f4c0
rustrepotrans__java__set,scaffold/src/roms/rom_fp256bn_64.rs,6150,09515215e0b7c010bb969f4ceb5e14818e5e4c9559ebf82afdf408c4901fd936
rustrepotrans__java__set,scaffold/src/roms/rom_fp512bn_32.rs,10453,894a6ec079ca4084319ccdd825aad66007fb16853487b69b48feffb7a6a33559
rustrepotrans__java__set,scaffold/src/roms/rom_fp512bn_64.rs,10866,d0991dae7517b4304bc8305bf8a6fc9c423d1a18bb376d087c21d342da0d2be1
rustrepotrans__java__set,scaffold/src/roms/rom_goldilocks_32.rs,3034,1fab47857769d62769f1cf0a5df8df31ddbadd8d71a0e5b36d67ecfca5f82a24
rustrepotrans__java__set,scaffold/src/roms/rom_goldilocks_64.rs,2884,660bb9ad8d12592b33b3fe3d18fe1c444b170ec35191ab3a8e41b78711d4be00
rustrepotrans__java__set,scaffold/src/roms/rom_hifive_32.rs,2534,9f86fd03f9386dfcd37e117e17b7934aa77520156cf7a69d8366784b8f7cfb55
rustrepotrans__java__set,scaffold/src/roms/rom_hifive_64.rs,2387,bc549fb2b8c6eae741ee9614d2267b0df68485a8e2d5131fc01f94f05f6cc816
rustrepotrans__java__set,scaffold/src/roms/rom_nist256_32.rs,2615,7cebd8f9b23f5b1fb77195fd892a8a15d60d5f5b3847218aeef0cc665e5c4676
rustrepotrans__java__set,scaffold/src/roms/rom_nist256_64.rs,2511,a2635f560072342a039a94538f278fe0832229077f1ebd0deb7413bde8e02a39
rustrepotrans__java__set,scaffold/src/roms/rom_nist384_32.rs,2898,503d75d95a30ac7a2b6a0417abf8b672dda0c601420ff510b729d8acfce8c212
rustrepotrans__java__set,scaffold/src/roms/rom_nist384_64.rs,2778,748f35049ed746796d2511e79d289c249c0752c5ffff2c38bf668d6666b6bd7e
rustrepotrans__java__set,scaffold/src/roms/rom_nist521_32.rs,3185,4be8cc63049d0fa9556d9fa270effcf6100a6182565382724f74102b430372ac
rustrepotrans__java__set,scaffold/src/roms/rom_nist521_64.rs,2991,f77524876fa7abcc801074210d968d7203eee6ad8d685e82904e5197ef18aefb
rustrepotrans__java__set,scaffold/src/roms/rom_nums256e_32.rs,2529,509210bc6747e91cce33a148c871ebaa01e9e279aaed6442f26b6c7518682760
rustrepotrans__java__set,scaffold/src/roms/rom_nums256e_64.rs,2426,c02c765290bce8b86e1ff6f1209e990e29822c362f227e44f5f60400975fe2ed
rustrepotrans__java__set,scaffold/src/roms/rom_nums256w_32.rs,2493,794e88f6fa3c148b16b0fe2921f1ddcba80c6442d6d700f41e58be20c789f09e
rustrepotrans__java__set,scaffold/src/roms/rom_nums256w_64.rs,2395,9442a3c8eb5ce870d2a91c07b3d8115d6b8019598526a68d51c5131cbd594c3b
rustrepotrans__java__set,scaffold/src/roms/rom_nums384e_32.rs,2878,4642ca9398e85eb1215f152e1ea394c12ec379a0bb8921eea60dc14009451181
rustrepotrans__java__set,scaffold/src/roms/rom_nums384e_64.rs,2722,f0fa7fcf88b65284777566d43db16a63bdbbb1cb126bfc5c0dd00a7b56c05126
rustrepotrans__java__set,scaffold/src/roms/rom_nums384w_32.rs,2881,817f483dade1550da8234b31f59a2fbdf2971c99f3fbdad6d878ea823c3be8ca
rustrepotrans__java__set,scaffold/src/roms/rom_nums384w_64.rs,2740,218aef6d1e7eb30e9006463c2613b99bbaa5cbf4ac0450680b510e3412cb9be2
rustrepotrans__java__set,scaffold/src/roms/rom_nums512e_32.rs,3193,4d609ba56b5944d57453f97033bbad2277019ced7d09837bf1c0585d0302e202
rustrepotrans__java__set,scaffold/src/roms/rom_nums512e_64.rs,2992,a3f7281e6454be6834646458f074613da9597284edd24880823ea316810638f3
rustrepotrans__java__set,scaffold/src/roms/rom_nums512w_32.rs,3076,fabdb3f53efb507e1fde834a5abe11e65663262076988bc81378a643ecf5cd87
rustrepotrans__java__set,scaffold/src/roms/rom_nums512w_64.rs,2842,0d7204cebb372434521907e15f4b36f8ab80aed8a2dfdf02066bf915c79e6739
rustrepotrans__java__set,scaffold/src/roms/rom_rsa2048_32.rs,93,66941eebadc1e96354668b9b514248f26b804e26f56de5388efce3aa2d3341ec
rustrepotrans__java__set,scaffold/src/roms/rom_rsa2048_64.rs,93,357fe2eb5185c323700053acde399e6e3a905b4667166dcc7bdfadd42646cf83
rustrepotrans__java__set,scaffold/src/roms/rom_rsa3072_32.rs,92,2fe96d2ef6644912f75eec634dd0ac43a82cd1e80a3d8ba3234609ceefd5d7cd
rustrepotrans__java__set,scaffold/src/roms/rom_rsa3072_64.rs,92,9752ca2672a55a051101355ffb13247ac072b58fb4a1c08d2fcde1eb82b7b6e0
rustrepotrans__java__set,scaffold/src/roms/rom_rsa4096_32.rs,92,00219b4f063f1dfd9ea707eaf3527dadcf6fe8b624416624f25d78fa9c50118f
rustrepotrans__java__set,scaffold/src/roms/rom_rsa4096_64.rs,92,e51e0a10f3453cef3a8b9d93e5e29aa5b81b8dec87db1ec7b9cdad6723f728c8
rustrepotrans__java__set,scaffold/src/roms/rom_secp256k1_32.rs,2555,4a19a1c17e158cb66ff60c30bedde051db198a644cb72d05384d584f1539092d
rustrepotrans__java__set,scaffold/src/roms/rom_secp256k1_64.rs,2458,bb832c34a76f406ab1434b71d759f165a4db15362ec257178470ea562d216f90
rustrepotrans__java__set,scaffold/src/rsa.rs,11183,bca2d2650ec3347eb187bbd5c50d56c0cc9431c16f819ffd234f3c1520966aa0
rustrepotrans__java__set,scaffold/src/sha3.rs,8403,fccdb8d2e4736f2385320ca1f4109eed027b3fe2198b0354bc5283d4106be9a2
rustrepotrans__java__set,scaffold/src/test_utils/hash_to_curve_vectors/BLS12381G1_XMD:SHA-256_SSWU_NU_.json,4430,1931b45a08985cb0f5dd277266b9a1468df34948c65b068d9bcfde396310dfc1
rustrepotrans__java__set,scaffold/src/test_utils/hash_to_curve_vectors/BLS12381G1_XMD:SHA-256_SSWU_RO_.json,6244,9ed93f6ae3e5d3e2ef48d7f3a954ac4ccc0702f693e62b2f48798348618ef6cc
rustrepotrans__java__set,scaffold/src/test_utils/hash_to_curve_vectors/BLS12381G2_XMD:SHA-256_SSWU_NU_.json,7099,d0c4807b8ddda91dc83d3cd3cc4064709975a15ebd88eee7ba214269a49cb61b
rustrepotrans__java__set,scaffold/src/test_utils/hash_to_curve_vectors/BLS12381G2_XMD:SHA-256_SSWU_RO_.json,10398,7ff2010d99cd886ab8e951ae1ed657b57e6b95fe6029fa4a0f519ea5ca29f126
rustrepotrans__java__set,scaffold/src/test_utils/mod.rs,1671,ecc8ab864bbadf46d853fb4ba32b4d8df2025dbf40458633d824cf34315fd17d
rustrepotrans__java__set,scaffold/src/test_utils/test_vector_structs.rs,1535,eba208a7673ab320a7e58cd64f760322b502fc1b699842c98274735ab1cdf0fe
rustrepotrans__java__set,scaffold/src/types.rs,668,9fa809a20b142755351d7b1f825ba5f7b607a3a15d7c70bb69997498232585e2
rustrepotrans__python__encoding,scaffold/CODE_OF_CONDUCT.md,3360,69deb24b9431b6f450e939e3dd7873465fa39e8762d32ae5983e3f0f7f5a377d
rustrepotrans__python__encoding,scaffold/CONTRIBUTING.md,3662,176feb20e6cf7ed4efc93c8257087592fead20e91b62c89eccacb73bce20b48a
rustrepotrans__python__encoding,scaffold/Cargo.lock,46721,c6742b552bce185487a6915cccdba94c6fa9bcf295038dbf1c7b9a98c8254f96
rustrepotrans__python__encoding,scaffold/Cargo.toml,1641,45fe81e5638088d3b7468f67aa6fbb3ad3d9adcfadeb527349f87f4ea5096056
rustrepotrans__python__encoding,scaffold/LICENSE,1157,c44741dcce3c52339eefbae80aaa7add43de88b045670d875074d209ebc547d9
rustrepotrans__python__encoding,scaffold/README.md,9108,fb8a276cde9ff937163ae61a680c97c5a6e4372b86da401098eedd519da43700
rustrepotrans__python__encoding,scaffold/benches/large_datasets.rs,887,32482edf78955af75a2c7d3605978103e0d402618cd40083aeeeadf29406c2ae
rustrepotrans__python__encoding,scaffold/benches/large_payload.rs,678,53596517e53555a697b52b8705f57968e7a532b6834c37b4caaea72c63812b62
rustrepotrans__python__encoding,scaffold/rust-toolchain.toml,31,9bbf52e37f50c5f5ece3bef4d97271ac48d6ee626c16415486a9469139319812
rustrepotrans__python__encoding,scaffold/src/assets.rs,5168,0ccd03f1006dd55fe7d65e271397e7e40ebc30ad8c3e30d88b5b2b80846c9901
rustrepotrans__python__encoding,scaffold/src/cd.rs,9703,97615a34696dbf9fa54a2049b5e1ba6ab2d10f089d490db8d01f2723b09a439b
rustrepotrans__python__encoding,scaffold/src/consts.rs,28175,c45510b0bfa704e11225d3a444396b75c62fb5cdbfa9f38c60759621ba946417
rustrepotrans__python__encoding,scaffold/src/entity.rs,16410,1ba987245aa4d8f0fe109fea55c6c05fac71b226d2c23a576c67718e75484be4
rustrepotrans__python__encoding,scaffold/src/lib.rs,22163,0bea7a62cc1e3ecd4c27135ec80b9d3afcffac3b4e0ade9198d052ca6d5f84bc
rustrepotrans__python__encoding,scaffold/src/md/plugins.rs,14658,cebc3f2565878e6ee7d6088e215bee09df194cf5621f4216a65aef162dc1c7c7
rustrepotrans__python__encoding,scaffold/src/md/structs.rs,7913,88a36325c32a2469241affa6b34aabfbf5df3287464b9878c77865a5767b2b89
rustrepotrans__python__encoding,scaffold/src/md.rs,2814,45ad958431761841689e3cd606216e17aaa6be104f1772c8a9eaba56e043a4ee
rustrepotrans__python__encoding,scaffold/src/normalizer.rs,6596,37b8c08d83e738e043339f59f2e54121d3ff3275f6ca7cddbfcec6df3e690cf4
rustrepotrans__python__encoding,scaffold/src/performance.rs,7890,c7863653e6b3954e90fda32b89a9625ddcf58276c5537c13492fe802b1d2a652
rustrepotrans__python__encoding,scaffold/src/tests/cd.rs,9311,f2904058ba0db97a7c2269feaf405a05817d5ce89441a349e0032754ecce953a
rustrepotrans__python__encoding,scaffold/src/tests/data/largesets/None/sample-1.gif,43,cf4724b2f736ed1a0ae6bc28f1ead963d9cd2c1fd87b6ef32e7799fc1c5c8bda
rustrepotrans__python__encoding,scaffold/src/tests/data/largesets/None/sample-1.jpg,32436,f3651a46cbba2ff2db5d272b03134cfb6b9c0ae3e887eb674e1306af6731b5a7
rustrepotrans__python__encoding,scaffold/src/tests/data/largesets/None/sample-1.mp4,1570024,71944d7430c461f0cd6e7fd10cee7eb72786352a3678fc7bc0ae3d410f72aece
rustrepotrans__python__encoding,scaffold/src/tests/data/largesets/None/sample-1.png,7983,f0d6bb0ca95cf8f025e3ba36cfd888e518bcd1ffbb822c58e0f84bdb9b39a42c
rustrepotrans__python__encoding,scaffold/src/tests/data/largesets/None/sample-1.webp,2938,b22535f44e5683233a14afa3325edd66ae35037d665a3b4ad1b4cd607066bb5b
rustrepotrans__python__encoding,scaffold/src/tests/data/largesets/None/sample-1.xlsx,42669,e865b9075f2c365ca34348753a828b45d265d64089eff36ee940e8450d6f9664
rustrepotrans__python__encoding,scaffold/src/tests/data/largesets/None/sample-2.png,6146,1a8352b9372452ab024b5dfd3c74cd8fac2c84e7ff152879f83949c4707fd87e
rustrepotrans__python__encoding,scaffold/src/tests/data/largesets/None/sample-3.png,14661,fd9758e7a7efd038246df6c3ca2e0d9b1637c1b90f98fa56748ab0d0dbfbd36f
rustrepotrans__python__encoding,scaffold/src/tests/data/largesets/ascii/CHANGELOG.md,10072,2d84ccc26a783cbf150da7b7a49c1f0d35081373ca346ac053a63d70755db393
rustrepotrans__python__encoding,scaffold/src/tests/data/largesets/ascii/_chromium_iso-8859-1_with_no_encoding_specified.html,472,ed2d3dc3637c6fcd27c85398f327a81b301ab3d779a591fd3a93143cc4759fb6
rustrepotrans__python__encoding,scaffold/src/tests/data/largesets/ascii/_ude_1.rst,4460,ec685b2a286228a95a84a0799b13ab901fa60dab32de2b374f001591a4eca22c
rustrepotrans__python__encoding,scaffold/src/tests/data/largesets/ascii/_ude_1.txt,2343,aa136f856ffcdda83d3bdb41e8b2522f2a2200a6a81a9aa38d090dfdd0dcae6a
rustrepotrans__python__encoding,scaffold/src/tests/data/largesets/ascii/book-stats.json,51,8b03f074052c3474fd884de81941cd14aa9f18468f02d12c44ed36b3a218dc57
rustrepotrans__python__encoding,scaffold/src/tests/data/largesets/ascii/books.json,59650,476cb2474ae8391fb064e5dc055f451c4f10aac064d2326b6e39364925ff64b9
rustrepotrans__python__encoding,scaffold/src/tests/data/largesets/ascii/dummy-1.pem,3884,2ef3a1b08449870e6edc5edda3796c79d9fc87b88cccca7ae938054709a139bf
rustrepotrans__python__encoding,scaffold/src/tests/data/largesets/ascii/empty.json,2,44136fa355b3678a1146ad16f7e8649e94fb4fc21fe77e8310c060f61caaff8a
rustrepotrans__python__encoding,scaffold/src/tests/data/largesets/ascii/iris-utf-8.csv,5118,47870dbf836aec0165b4730c92faa85b43ef8e04ba16262c8ed322b3dffb2797
rustrepotrans__python__encoding,scaffold/src/tests/data/largesets/ascii/iris-utf-8.json,19153,a40f6ab24ca89e8bf4dd16d6a9be29bb22458b122d6100d1d35c19139b4f8363
rustrepotrans__python__encoding,scaffold/src/tests/data/largesets/ascii/parchments.json,142,1fbb9db0f212d94d42175515b7219535b5f269c8fd17ddbe0338fcdef856334b
rustrepotrans__python__encoding,scaffold/src/tests/data/largesets/ascii/playlist.m3u,2967,2c6b78192634f5dbe1960b4b2c34aa5e477c7995665a6093b5d8125df7051381
rustrepotrans__python__encoding,scaffold/src/tests/data/largesets/ascii/simple.json,359,b8dd310bdd18260681a98edb5cc826b248bcebda6cdba0e06c9fd9bc094e5db8
rustrepotrans__python__encoding,scaffold/src/tests/data/largesets/big5/0804.blogspot.com.xml,23616,699b18d871867d6aee7ef4064723dcb525b62d1e04affcadb7012af6f7923b67
rustrepotrans__python__encoding,scaffold/src/tests/data/largesets/big5/_chromium_Big5_with_no_encoding_specified.html,770,0ec62e4a06f2ed4c2a2f4f16be7066769f16b005b6c218e4a18695280d0f7bc6
rustrepotrans__python__encoding,scaffold/src/tests/data/largesets/big5/_ude_1.txt,743,5f4aa09479ff9366936b242697680f4f0a50dcb3829fb10d855644bc035a7b7a
rustrepotrans__python__encoding,scaffold/src/tests/data/largesets/big5/_ude_2.txt,1429,b2035dcb91b3bb935294ac0b9cf41d27b84c61455de94edc75059cc80ae62967
rustrepotrans__python__encoding,scaffold/src/tests/data/largesets/big5/blog.worren.net.xml,10233,99c068299ad8a6ad33873a532efe479550b36710bcbcff141b6ba9aa76070dff
rustrepotrans__python__encoding,scaffold/src/tests/data/largesets/big5/carbonxiv.blogspot.com.xml,17791,4205817a360d108e67faf909e48e4ee601d8c59861986efb3c44aeabb92b9ce3
rustrepotrans__python__encoding,scaffold/src/tests/data/largesets/big5/catshadow.blogspot.com.xml,18147,bb4ba88253ab13e539d695007e58bbb8825a1369733a1db62378e856d1e5978d
rustrepotrans__python__encoding,scaffold/src/tests/data/largesets/big5/coolloud.org.tw.xml,18354,add6cdba4d0bbd331034e2f620fce00dd4cac51f7b5276a1adb97e7e292f0f01
rustrepotrans__python__encoding,scaffold/src/tests/data/largesets/big5/digitalwall.com.xml,1343,f953c37c603792f1cf19343b15d5bafc8fdaef5ee826565f6d116d0d9d942d48
rustrepotrans__python__encoding,scaffold/src/tests/data/largesets/big5/ebao.us.xml,4945,a5282f43b0ebd74671d2eec2d9a9cfe7aaaaa30642c1d481f802c842bdf87159
rustrepotrans__python__encoding,scaffold/src/tests/data/largesets/big5/fudesign.blogspot.com.xml,28525,cc5bcaae95b0feebe31cf13387430c76f144de986b4d0471c001a3cee8e9a762
rustrepotrans__python__encoding,scaffold/src/tests/data/largesets/big5/kafkatseng.blogspot.com.xml,13558,ef4ba9c05193866d4bc4aa4f58b8b1ff6a2b9305a86cb6c9cebcc41b1c33ee34
rustrepotrans__python__encoding,scaffold/src/tests/data/largesets/big5/ke207.blogspot.com.xml,14599,5937951b3df5f6b8949de952081fd95fa0bd3cd7c007ec38a5af741a7c8aac19
rustrepotrans__python__encoding,scaffold/src/tests/data/largesets/big5/leavesth.blogspot.com.xml,18471,559a0e6eef7421d772a0ec8c7682fd7822f5e1e055d951b1a135b2742b4d8158
rustrepotrans__python__encoding,scaffold/src/tests/data/largesets/big5/letterlego.blogspot.com.xml,66777,623f617c8f91ed933deff2d0bf8e49dcde2f958e6a3c3bebadebb8f73a6ad10f
rustrepotrans__python__encoding,scaffold/src/tests/data/largesets/big5/linyijen.blogspot.com.xml,12547,2c2786e2aa86dde77a84932113e25cddf3851d3de25edde1e2b9e2810839d1ee
rustrepotrans__python__encoding,scaffold/src/tests/data/largesets/big5/marilynwu.blogspot.com.xml,6440,a0c9f89545c35869165b91505d9bcf24667d0895663298e40fdbaaa67b060bc3
rustrepotrans__python__encoding,scaffold/src/tests/data/largesets/big5/myblog.pchome.com.tw.xml,1464,9632b53a99b6e265dd2f33c90d5949f1ed633b1bb7a4ff05de088c924b5159af
rustrepotrans__python__encoding,scaffold/src/tests/data/largesets/big5/oui-design.com.xml,2278,b979caf2ce1bd821f40c3fb68303c2f0166b5062efbd8c23f7877f6b9442fa2c
rustrepotrans__python__encoding,scaffold/src/tests/data/largesets/big5/sanwenji.blogspot.com.xml,67286,fba3dc10ab8c37fcd03f1f38ed1da0f2cc883a5477aff0cf81970387fa4800c9
rustrepotrans__python__encoding,scaffold/src/tests/data/largesets/big5/sinica.edu.tw.xml,10639,52b3774a712556a7314d18634615ce5497c219195bc021d45b2d206880cb6424
rustrepotrans__python__encoding,scaffold/src/tests/data/largesets/big5/sylvia1976.blogspot.com.xml,17028,4253315914bf21fed702fa5cd5184e7ac95e04ebc24f5c5b541e61d5ebde23ab
rustrepotrans__python__encoding,scaffold/src/tests/data/largesets/big5/tlkkuo.blogspot.com.xml,7192,5360d1b9bc147788882114feb77ffa7deb04235c2a3593799b214737cffffbc6
rustrepotrans__python__encoding,scaffold/src/tests/data/largesets/big5/unoriginalblog.com.xml,15769,9bceb9d6c604f6d844eeec46a0d38fca29fc4d13a20bc52aae9f64e30dca0ace
rustrepotrans__python__encoding,scaffold/src/tests/data/largesets/big5/upsaid.com.xml,68305,003bcd5bcf5c22a353d9ccdc2e99b176795632dad93bda0a15a8a37c779e07ff
rustrepotrans__python__encoding,scaffold/src/tests/data/largesets/big5/willythecop.blogspot.com.xml,13437,b9533a3b5f96b5c93817359efbd3dd2c46b132c48172596d366023e9a1dbbc12
rustrepotrans__python__encoding,scaffold/src/tests/data/largesets/big5/ytc.blogspot.com.xml,54145,cced286e1517dc29b5d25f01efd6e10a8d0914ba2170c087ddc05d520b041c35
rustrepotrans__python__encoding,scaffold/src/tests/data/largesets/euc-jp/_ude_1.txt,1375,5512d79b07053e8c2cc2f138b084e79037af46fc494e717de707efee2f7d3fc3
rustrepotrans__python__encoding,scaffold/src/tests/data/largesets/euc-jp/aivy.co.jp.xml,15308,f17eb29cad0b88c2e5bf25d469f11bbb6e9401a9040b6794ce17d6f6442c27a2
rustrepotrans__python__encoding,scaffold/src/tests/data/largesets/euc-jp/akaname.main.jp.xml,34082,8e7119769a77b6b59f7c8bdaf8d183adbde7d21764e33d8ba133dd2bd1985c64
rustrepotrans__python__encoding,scaffold/src/tests/data/largesets/euc-jp/arclamp.jp.xml,73993,28f456f074bc0ce01b60ae9edcafc5210b14a4c63fcbc8c6377c1b4e3c652ce8
rustrepotrans__python__encoding,scaffold/src/tests/data/largesets/euc-jp/aristrist.s57.xrea.com.xml,30931,dda5819e0db37ca4061fdcbdb0ea8211975a954bdda2d15ee5009cfe3e3021b1
rustrepotrans__python__encoding,scaffold/src/tests/data/largesets/euc-jp/artifact-jp.com.xml,8855,86eee8b4352ee95b666f7b0e65eb020e44732ad54903d74fde72e15d3b448b4d
rustrepotrans__python__encoding,scaffold/src/tests/data/largesets/euc-jp/atom.ycf.nanet.co.jp.xml,19768,ec400b4c2cfde46e8f98e93223fe3fa57a1ae1ebba1e4bc5b3c40caa2766623c
rustrepotrans__python__encoding,scaffold/src/tests/data/largesets/euc-jp/azito.under.jp.xml,8072,a976790d92d5ed03dd15931dbc978d4590b35b140878c1378527f1580fded415
rustrepotrans__python__encoding,scaffold/src/tests/data/largesets/euc-jp/azoz.org.xml,15188,3c13499d5dbb985a2a2a1a60c3627415ca8bb8f65d4e21829ab10706eea1bde0
rustrepotrans__python__encoding,scaffold/src/tests/data/largesets/euc-jp/blog.kabu-navi.com.atom.xml,20472,c19666278478f68bc0d6f175591e04c0424eca31f14e4741e52bd717d4f6c967
rustrepotrans__python__encoding,scaffold/src/tests/data/largesets/euc-jp/blog.kabu-navi.com.xml,17527,a50f673742078f9f92e97f71ec4b8ef35a7312a150a657d6635d6a7a31b76838
rustrepotrans__python__encoding,scaffold/src/tests/data/largesets/euc-jp/bphrs.net.xml,7808,823afdbc057c723c7e9b835c7c8b8f82b3481044fa3188f412905a90643ada69
rustrepotrans__python__encoding,scaffold/src/tests/data/largesets/euc-jp/ch.kitaguni.tv.xml,22171,3961c586355a21400363d6afe0ad5249a272f48806b57bf5379a27f74b62b92e
rustrepotrans__python__encoding,scaffold/src/tests/data/largesets/euc-jp/club.h14m.org.xml,8094,03fc1616189da2c06c02d2bbeef8eb267c4a0f56140f63992dc18c56c8f863f0
rustrepotrans__python__encoding,scaffold/src/tests/data/largesets/euc-jp/contents-factory.com.xml,11504,fbedbd461647107d235178262c87f8ddeb247f884d0335d335ec07a02568c3ff
rustrepotrans__python__encoding,scaffold/src/tests/data/largesets/euc-jp/furusatonoeki.cutegirl.jp.xml,14851,d35e6da7cfd6c9a030ef396e388da386bc3c4000d89d5f36b496bb184a97b6b4
rustrepotrans__python__encoding,scaffold/src/tests/data/largesets/euc-jp/manana.moo.jp.xml,7471,a62336ab9a844f38064c36dce494f3aab24ff7c6b99cd273fd93b2f5a9f28217
rustrepotrans__python__encoding,scaffold/src/tests/data/largesets/euc-jp/mimizun.com.xml,12646,887ab6130bdbaace34a3e70ebc7fcfbf20ec0bf1c782cab35bbbafdd6810aebe
rustrepotrans__python__encoding,scaffold/src/tests/data/largesets/euc-jp/misuzilla.org.xml,20052,6fa8beab55ad81e09762a53b0fe8a932f14c98c7ae25c5037915b106e383f58a
rustrepotrans__python__encoding,scaffold/src/tests/data/largesets/euc-jp/overcube.com.atom.xml,98950,0102b60fcd9585e094a9f630ab6548620ca1ed09d775c429e25e972e248c6996
rustrepotrans__python__encoding,scaffold/src/tests/data/largesets/euc-jp/overcube.com.xml,8857,47d3405c6d65e75bb380db0ba218febe1fa90411b37a8283fc7f48b8b58ee267
rustrepotrans__python__encoding,scaffold/src/tests/data/largesets/euc-jp/pinkupa.com.xml,19883,f3e10439785d1e055cf4045cb8bb6542a1932c76141bba34ec7e45ee2ecf1090
rustrepotrans__python__encoding,scaffold/src/tests/data/largesets/euc-jp/rdf.ycf.nanet.co.jp.xml,10855,a69eb57fb24297145be810be9ae2f5dfae15287b69f0c80a2806c0b651b50e9d
rustrepotrans__python__encoding,scaffold/src/tests/data/largesets/euc-jp/siesta.co.jp.aozora.xml,122707,653f97d4cd84f9d34a93796ae8c610f80b0bce80fae340c9fb432338397d2332
rustrepotrans__python__encoding,scaffold/src/tests/data/largesets/euc-jp/tls.org.xml,15158,26810b8df54d30fae30410403b242799a50249142a74ac19d76b6c25239d0b19
rustrepotrans__python__encoding,scaffold/src/tests/data/largesets/euc-jp/yukiboh.moo.jp.xml,11596,a565cec8021808f309094127ea8d04998ad875bb3eccf1504315f59de7ac59dc
rustrepotrans__python__encoding,scaffold/src/tests/data/largesets/euc-kr/_chromium_windows-949_with_no_encoding_specified.html,746,eea4f041d26221e8881b6de6216c643652083ce91689ba362b6fdacd2374d9ec
rustrepotrans__python__encoding,scaffold/src/tests/data/largesets/euc-kr/_ude_euc1.txt,387,281246aaaefceb47f6bc0120b2646ebe1832d57101cc0d7bfaeedfbfed979329
rustrepotrans__python__encoding,scaffold/src/tests/data/largesets/euc-kr/_ude_euc2.txt,1164,76d9b6cf0496759e74e959de73f7d2abb47669050e9d0893376dc2c99d55726b
rustrepotrans__python__encoding,scaffold/src/tests/data/largesets/euc-kr/acnnewswire.net.xml,10865,f76d5d594532c1ce2556961ce5639e46040ad64b3f01a3757cdbcc780333f852
rustrepotrans__python__encoding,scaffold/src/tests/data/largesets/euc-kr/alogblog.com.xml,10715,f849b8da63111dd82b78d7109d2dc4fb0e75567e799803562190681d6e88a6ec
rustrepotrans__python__encoding,scaffold/src/tests/data/largesets/euc-kr/arts.egloos.com.xml,16157,16d6b0e59d1bc04ff6f2b79cdb1e96d779c2b536c49be435861419900d782036
rustrepotrans__python__encoding,scaffold/src/tests/data/largesets/euc-kr/birder.egloos.com.xml,11272,bb3694a2c8f8221b35756bcd68dabf608e29c91b224c9566a2145a14aa292f17
rustrepotrans__python__encoding,scaffold/src/tests/data/largesets/euc-kr/blog.bd-lab.com.xml,9146,d7f70c71844f52d52fe18becadb05cc4a24309671b8cda84a7e8b1f657cf8e43
rustrepotrans__python__encoding,scaffold/src/tests/data/largesets/euc-kr/blog.empas.com.xml,1869,521e2ff132a48acb05fec3e99460c8ecf11e0b29588589f0391f6ab6c3e6cb4e
rustrepotrans__python__encoding,scaffold/src/tests/data/largesets/euc-kr/blog.rss.naver.com.xml,4188,d6e92cac44078f8797de7c95c71215b9ea44cdae6b70e011899b9a22ffdab132
rustrepotrans__python__encoding,scaffold/src/tests/data/largesets/euc-kr/calmguy.egloos.com.xml,28099,c097ffbc32de269ed7dedf91b4826fa253d0e798f13bd5a87148f4052c1b5026
rustrepotrans__python__encoding,scaffold/src/tests/data/largesets/euc-kr/chisato.info.xml,71320,899567cb770fe727a39190230b439866c2b1b8abfd9bc1dab8e27d453ce2f346
rustrepotrans__python__encoding,scaffold/src/tests/data/largesets/euc-kr/console.linuxstudy.pe.kr.xml,9970,b7d7a16e132faebc8859689b46ac934c2cc551ff511fb0bd67ab14375e8a71eb
rustrepotrans__python__encoding,scaffold/src/tests/data/largesets/euc-kr/critique.or.kr.xml,5986,ccd84a622d986142c64cd73613acb340423a4573d5c24d3f35ddc250fc4a77cf
rustrepotrans__python__encoding,scaffold/src/tests/data/largesets/euc-kr/epitaph.egloos.com.xml,8486,083680e95e2e14dea67794c34c72fcab4edd22e2396ce5c4ab8a8e212df07b3f
rustrepotrans__python__encoding,scaffold/src/tests/data/largesets/euc-kr/ittrend.egloos.com.xml,26659,81847f3ec54660b4072510d84222685527285a485fbdbaa362adf4afa1a04319
rustrepotrans__python__encoding,scaffold/src/tests/data/largesets/euc-kr/jely.egloos.com.xml,19721,29d6665705b67bc4e7c1423bb4271e7e57417c0436fa03501593a289767e5670
rustrepotrans__python__encoding,scaffold/src/tests/data/largesets/euc-kr/jely.pe.kr.xml,20847,3a5b3931c5180836313928b07d4e48975f8dcb32de2d6f3ebf4d442684115d08
rustrepotrans__python__encoding,scaffold/src/tests/data/largesets/euc-kr/jowchung.oolim.net.xml,41204,e9a00e53e182e8cdfcb1bd38f1d7f1a07443c73e44203ffcc3cf1e1fa705495e
rustrepotrans__python__encoding,scaffold/src/tests/data/largesets/euc-kr/kina.egloos.com.xml,8538,7cba10360c5b4e4824de85fffec84b1a9b29e6414ef6c1d52644bc560b5eada3
rustrepotrans__python__encoding,scaffold/src/tests/data/largesets/euc-kr/lennon81.egloos.com.xml,6122,ff2afa944617c8ff6c7ce2bee8f9ba2769c5fff320addeb7104a996d06b87ff8
rustrepotrans__python__encoding,scaffold/src/tests/data/largesets/euc-kr/oroll.egloos.com.xml,6339,10a7fde87330b4408385bfe82e241c92b5d580789fedd80eb4c99a07eb71cf00
rustrepotrans__python__encoding,scaffold/src/tests/data/largesets/euc-kr/poliplus.egloos.com.xml,6519,f47c6e8d64c32f398651c4c69049dab5a640b950248d4ad664d403d7fb69ceac
rustrepotrans__python__encoding,scaffold/src/tests/data/largesets/euc-kr/scarletkh2.egloos.com.xml,10320,1017b308b86e0faf5f59c53bf6b4a63bc0b00ff67a1344c0c197cf8fd55c5cec
rustrepotrans__python__encoding,scaffold/src/tests/data/largesets/euc-kr/siwoo.org.xml,12646,97ab80536f0256f845fadeb1b60618a2aa0da0536c09c738bbef0b5483802b26
rustrepotrans__python__encoding,scaffold/src/tests/data/largesets/euc-kr/sparcs.kaist.ac.kr.xml,6828,d094eb0cd28707c4a4e711732a523599e6819a3aeb9ab5c26ab0a123c07332f4
rustrepotrans__python__encoding,scaffold/src/tests/data/largesets/euc-kr/tori02.egloos.com.xml,19792,8d9289c5faa1d5f33021e143d0806b3f7c4701677ef69e391862f6def6e89f47
rustrepotrans__python__encoding,scaffold/src/tests/data/largesets/euc-kr/willis.egloos.com.xml,21598,8483253545f7878b3f3f66b6ced371b443e9d29e857857fadd57ff4c3142881f
rustrepotrans__python__encoding,scaffold/src/tests/data/largesets/euc-kr/xenix.egloos.com.xml,44107,8c56660dbc0531818aff77cbfc4613ff8c9ca00af1cc6d2f60d5bcfbbf6e993c
rustrepotrans__python__encoding,scaffold/src/tests/data/largesets/euc-kr/yunho.egloos.com.xml,23344,a9299e9d0da2ca89edab917f55c8704463f8d76af8a9a373560ffefbf3213c04
rustrepotrans__python__encoding,scaffold/src/tests/data/largesets/euc-kr/zangsalang.egloos.com.xml,14754,23c1e779a1a29f98f5aa6bf05b6abc83c316d8351e6984564b923f1dd4c56cc9
rustrepotrans__python__encoding,scaffold/src/tests/data/largesets/gb18030/_ude_1.txt,1429,885d61c7430702ccdeca1b7f3415a77ae151d4f320e1492208ed8f066861634e
rustrepotrans__python__encoding,scaffold/src/tests/data/largesets/gbk/14.blog.westca.com.xml,15445,2c9f77644b1e652d274024adec04e39dd5e4cc6a3578c75d375d98133ca3fd46
rustrepotrans__python__encoding,scaffold/src/tests/data/largesets/gbk/2.blog.westca.com.xml,21264,e5c012d5218bb52a14015c5192ec515d73927d7b46d358665b2238302a9fe9c7
rustrepotrans__python__encoding,scaffold/src/tests/data/largesets/gbk/_chromium_gb18030_with_no_encoding_specified.html.xml,990,c780517ff53c4eea6d1a7d81ab8e7ee11c8a501b20ec1c2e3b401f2f2e97f587
rustrepotrans__python__encoding,scaffold/src/tests/data/largesets/gbk/_ude_1.txt,17096,c9299f3e2b064217fd5edb988f30b96f4287d2fdc74ff939d63137c05f690de7
rustrepotrans__python__encoding,scaffold/src/tests/data/largesets/gbk/acnnewswire.net.xml,10620,e6edcbd7d9bccd5e84b7ddbfdd4510f7ddc329555ba5722db4ca6523d07543e1
rustrepotrans__python__encoding,scaffold/src/tests/data/largesets/gbk/bbs.blogsome.com.xml,15536,f006c0d45e8646a6f580c55a5821bc83abc893867eb6b6eb7ae1a4d0d77c7331
rustrepotrans__python__encoding,scaffold/src/tests/data/largesets/gbk/cappuccinos.3322.org.xml,7336,286bbc649ef01cca134ce03a42314993393924d1e1f581442c8a94cc1810cd82
rustrepotrans__python__encoding,scaffold/src/tests/data/largesets/gbk/chen56.blogcn.com.xml,15173,0e4f7c1cfb58c5e807a43ff49fe099d2ed649afd58bad69e4d34fd2b9389e7cf
rustrepotrans__python__encoding,scaffold/src/tests/data/largesets/gbk/cindychen.com.xml,16608,7a56284b022250b7c6a7b4f8a3f549b52c5380ecbc16d6a8448535c3ca055c71
rustrepotrans__python__encoding,scaffold/src/tests/data/largesets/gbk/cnblog.org.xml,26465,71241595f4f019ed842d5ed434fbbcd0157108b8080772a2dabae2561a0635d2
rustrepotrans__python__encoding,scaffold/src/tests/data/largesets/gbk/coverer.com.xml,12095,a0f1de04673357a1fad0b0508a807c3451d3476d0f32d0041708ab0549440779
rustrepotrans__python__encoding,scaffold/src/tests/data/largesets/gbk/eighthday.blogspot.com.xml,22083,8dde54a9e954b6e4f45f0230f98ce1b4dc9ab691bd1202e7e2938a7cc1983cc3
rustrepotrans__python__encoding,scaffold/src/tests/data/largesets/gbk/godthink.blogsome.com.xml,2628,b3f7eca0cb2e1f9d7acc889293754da073a65fe8e9c356a25191d863cf635076
rustrepotrans__python__encoding,scaffold/src/tests/data/largesets/gbk/jjgod.3322.org.xml,9356,016c1505bda060b9120cc27d53a3c57fd6f8257dbfe285bae4deac0c3e6bba0c
rustrepotrans__python__encoding,scaffold/src/tests/data/largesets/gbk/lily.blogsome.com.xml,38414,152151f27c4f6dd95c28cedfc01276d15778f62b972e4f501c84ebeae3ebd0ee
rustrepotrans__python__encoding,scaffold/src/tests/data/largesets/gbk/luciferwang.blogcn.com.xml,20395,3645f9dc905b42842b939aa24972c45dc6f311ce38cd63741a923821d65e0f4b
rustrepotrans__python__encoding,scaffold/src/tests/data/largesets/gbk/pda.blogsome.com.xml,4479,f3fcf2d42ee998c25b3258fc701b434dba46209eae2f0a741b389f7d3b70bb90
rustrepotrans__python__encoding,scaffold/src/tests/data/largesets/gbk/softsea.net.xml,87552,8a35033cef000536799b0125398496d5f566072f2febdc4b5311ec924da4063b
rustrepotrans__python__encoding,scaffold/src/tests/data/largesets/gbk/w3cn.org.xml,5646,ad2e14617c75df4fd620ff1e64335b49b4883e1c4855bdbc7f6bdc5d43657d90
rustrepotrans__python__encoding,scaffold/src/tests/data/largesets/gbk/xy15400.blogcn.com.xml,19804,51247181faab1841beacbc15a551e53c1d469056121fea5910d62a2eaa1f5144
rustrepotrans__python__encoding,scaffold/src/tests/data/largesets/ibm866/_ude_1.txt,1211,945097964f49f1a908da07973870509ebb5069496f31c7d86b7f829f159ea866
rustrepotrans__python__encoding,scaffold/src/tests/data/largesets/ibm866/aif.ru.health.xml,7815,e890c19ba5dbc911e96810204c4b20dffd8f7d5509af67c4bcd1180b9ca6304c
rustrepotrans__python__encoding,scaffold/src/tests/data/largesets/ibm866/aug32.hole.ru.xml,621,db1a196647362919531df5d9f86c58b7edd9f43240b5159d5b746bff776b1b31
rustrepotrans__python__encoding,scaffold/src/tests/data/largesets/ibm866/aviaport.ru.xml,26912,d61fe4c28989fc848071d4360da7d32f2c6febbc475e0b7afa95f1c5cfc0d411
rustrepotrans__python__encoding,scaffold/src/tests/data/largesets/ibm866/blog.mlmaster.com.xml,6449,98000e9fb43ee8deed60bd227f3d0dd83ffbdac246f17bed66791e76730857fe
rustrepotrans__python__encoding,scaffold/src/tests/data/largesets/ibm866/forum.template-toolkit.ru.1.xml,24863,11ef3c021f96b225176201f2f098568542853a6fbf3cdbc6b7adc16aa35d9df0
rustrepotrans__python__encoding,scaffold/src/tests/data/largesets/ibm866/forum.template-toolkit.ru.4.xml,10730,34c136932efc4ebe5ab16e976756b44161a6e8b28169f22af62ba4545047b99e
rustrepotrans__python__encoding,scaffold/src/tests/data/largesets/ibm866/forum.template-toolkit.ru.6.xml,32200,1dde07a8703429356bfaeb7a72eb57de20fdf4f92d4f7ad3cc5446dabc9650e7
rustrepotrans__python__encoding,scaffold/src/tests/data/largesets/ibm866/forum.template-toolkit.ru.8.xml,17744,cebffc01a2f8a544fa287f1104286478cab4c00d7674daf82dae59826210d38b
rustrepotrans__python__encoding,scaffold/src/tests/data/largesets/ibm866/forum.template-toolkit.ru.9.xml,2968,32cd4efcb5adfb456432006b5a05cb6dabef3fc6146530e8d27201771fbf2ed2
rustrepotrans__python__encoding,scaffold/src/tests/data/largesets/ibm866/greek.ru.xml,4267,61f5ee7ff4b5cabca44ed97c0703f37533af9b1e6f099f6a3c7a26dbad7448bd
rustrepotrans__python__encoding,scaffold/src/tests/data/largesets/ibm866/intertat.ru.xml,575,e55834e6b1b8cd69a581f1e391294c7643d7b5f0a69b35b77aac81170ac8e71a
rustrepotrans__python__encoding,scaffold/src/tests/data/largesets/ibm866/janulalife.blogspot.com.xml,18809,199e141425f7f08d5cf42ccea27299bd345e277f475046a6eef5a2fae00d80b7
rustrepotrans__python__encoding,scaffold/src/tests/data/largesets/ibm866/kapranoff.ru.xml,7463,e12d6254efbd40ea31949771c2b961cbbafb6a55f6bfdebe89e918ee95f17283
rustrepotrans__python__encoding,scaffold/src/tests/data/largesets/ibm866/money.rin.ru.xml,7550,01757c0751d4f4a53632f8fdf628ac78bc690e0db36d89f374ce8109e417dd2a
rustrepotrans__python__encoding,scaffold/src/tests/data/largesets/ibm866/music.peeps.ru.xml,7866,1b60da5dcfb29490ad6b818b00c8df2746f9436dbd5f73992e3036542730247d
rustrepotrans__python__encoding,scaffold/src/tests/data/largesets/ibm866/newsru.com.xml,24099,eda6435a18ed9a2f95e7fa2a272326df3df19977979d34b8b4f48f2c6583a8ad
rustrepotrans__python__encoding,scaffold/src/tests/data/largesets/ibm866/susu.ac.ru.xml,2059,faa6ff7c140aaa20953643eab707d4e1aac15b61c364b84bd193ed173ea2f72e
rustrepotrans__python__encoding,scaffold/src/tests/data/largesets/iso-2022-jp/_ude_1.txt,1561,e11792188dbf2670a22421a87b8f5e50221fd99dbc25951109087a7335a27d24
rustrepotrans__python__encoding,"scaffold/src/tests/data/largesets/iso-8859-1,windows-1252/_mozilla_bug421271_text.html",671,0d9db8d8446e1009c314a4693f7c375eb18ba57c97db216692422dd0693a2906
rustrepotrans__python__encoding,"scaffold/src/tests/data/largesets/iso-8859-1,windows-1252/_ude_1.txt",865,3e1b7a0e767ac2cad366f983d7fa825265efc54a98edb41dd436cba955e83fbd
rustrepotrans__python__encoding,"scaffold/src/tests/data/largesets/iso-8859-1,windows-1252/_ude_2.txt",2257,ad4fcdf76d1e73e2a27b7ab884a4048cd07b8dcf6dcf8b7e2df9d730032f5e72
rustrepotrans__python__encoding,"scaffold/src/tests/data/largesets/iso-8859-1,windows-1252/_ude_3.txt",1495,06ed96abb6e1d59f81c92f78f43f3705294e8e8cf76ff9b148b925b71d692f60
rustrepotrans__python__encoding,"scaffold/src/tests/data/largesets/iso-8859-1,windows-1252/_ude_4.txt",1222,db925c7950e0c28318089501a360f711971d16003953a9795ad7f5010241d8ca
rustrepotrans__python__encoding,"scaffold/src/tests/data/largesets/iso-8859-1,windows-1252/_ude_5.txt",1639,a2df3354bfd80ea40c08b11a6331284e15c55a487a6a59741c441bd9e93608ff
rustrepotrans__python__encoding,"scaffold/src/tests/data/largesets/iso-8859-1,windows-1252/_ude_6.txt",2189,6448f9665b50678ac4b408d1e7825dbb5e98d91aa3f7e37a798e041aec53c4ae
rustrepotrans__python__encoding,"scaffold/src/tests/data/largesets/iso-8859-1,windows-1252/anzeige-value-stars.html",210655,11652ece8b892c6e532becfc6145bae34a0d4fadf853bc4910e444a9c1f671d3
rustrepotrans__python__encoding,"scaffold/src/tests/data/largesets/iso-8859-1,windows-1252/github_bug_9.txt",136,6fb25d7e2daf0d5be4da18a4cd467b3a5809c7b76864fd8c1bd92bc07b53ac86
rustrepotrans__python__encoding,scaffold/src/tests/data/largesets/iso-8859-2/_ude_1.txt,5976,7d5beb6fd21393c2324b6f19dc38ffd4dbce367bf57a0a853cb822d1a23cfe35
rustrepotrans__python__encoding,scaffold/src/tests/data/largesets/iso-8859-2/_ude_10.txt,3861,cea2ffc867deb4ba6e11ba6366102bf0e878dae61b1143a2adf3c9fb3b788882
rustrepotrans__python__encoding,scaffold/src/tests/data/largesets/iso-8859-2/_ude_2.txt,2154,d6442383e124dbff3130077e443fff6323017d1b8dbbf6d27654f2c9000e836b
rustrepotrans__python__encoding,scaffold/src/tests/data/largesets/iso-8859-2/_ude_3.txt,1646,afd0b951ca08dd02e52c40985f1a2f7b529868431b3cd5139e48c504d1e0ae80
rustrepotrans__python__encoding,scaffold/src/tests/data/largesets/iso-8859-2/_ude_4.txt,1409,1904fb98b755629c0853afe06aa5f2175009017a701c5ba8b267f5f6d97ed5f6
rustrepotrans__python__encoding,scaffold/src/tests/data/largesets/iso-8859-2/_ude_5.txt,1409,1904fb98b755629c0853afe06aa5f2175009017a701c5ba8b267f5f6d97ed5f6
rustrepotrans__python__encoding,scaffold/src/tests/data/largesets/iso-8859-2/_ude_6.txt,2696,020a48f6bcf15cdd065d14f69b206a40ef029bcfbda4cbd038e23089af6e6813
rustrepotrans__python__encoding,scaffold/src/tests/data/largesets/iso-8859-2/_ude_7.txt,3413,b9a411737e62dd2077da967e95bc3472e0ac795d325b872db1906b4c987dc34b
rustrepotrans__python__encoding,scaffold/src/tests/data/largesets/iso-8859-2/_ude_8.txt,3201,341309cb03b4512cb0fe9f5f3876a351cba2755f08c5af084a4a81e53db6d48a
rustrepotrans__python__encoding,scaffold/src/tests/data/largesets/iso-8859-2/_ude_9.txt,1136,db6c17f0d0e155aa6e5d3dea18bf1df2a1e613a874b216bd07b69732cbe421ac
rustrepotrans__python__encoding,scaffold/src/tests/data/largesets/iso-8859-2/auto-apro.hu.xml,20435,baaea7030ee3245de24a99f8e93825c1097d21aebdc4e35b70c5276925703495
rustrepotrans__python__encoding,scaffold/src/tests/data/largesets/iso-8859-2/cigartower.hu.xml,5447,5649e685e117b94b9257e45c67e9d8e8b8322ba54aa2e38aa3f58db80df2c573
rustrepotrans__python__encoding,scaffold/src/tests/data/largesets/iso-8859-2/escience.hu.xml,13696,5fbad9012479460932abb749ebb131292be1dd67ab55d264dcc4d958b18a1ec2
rustrepotrans__python__encoding,scaffold/src/tests/data/largesets/iso-8859-2/hirtv.hu.xml,3510,52bad51014759adb26b87d9c01cfea79fe90f4ab27745414102eb25348785fd5
rustrepotrans__python__encoding,scaffold/src/tests/data/largesets/iso-8859-2/honositomuhely.hu.xml,4275,47aa8f54f102c539dc7a023d3cdb483e72d79902869c88c2981682119538f6a6
rustrepotrans__python__encoding,scaffold/src/tests/data/largesets/iso-8859-2/saraspatak.hu.xml,7095,bdf289600f7d3147bc931e342f0cb66e050f64f3d54afc1dedc601abc6829c53
rustrepotrans__python__encoding,scaffold/src/tests/data/largesets/iso-8859-2/shamalt.uw.hu.mk.xml,11632,0e261e3547045a710ee50b8e81e1862e4445c584897384a81d3af9a8ba150357
rustrepotrans__python__encoding,scaffold/src/tests/data/largesets/iso-8859-2/shamalt.uw.hu.mr.xml,4950,364cb157c889198dff92fdc690d732683397ca0362d7a3fc0768f9dbcfb71bcf
rustrepotrans__python__encoding,scaffold/src/tests/data/largesets/iso-8859-2/shamalt.uw.hu.mv.xml,8202,3f0b4c252d56a5df8f8fce0cd54b977559b552d8c75ad9727cc71e35e1a32d36
rustrepotrans__python__encoding,scaffold/src/tests/data/largesets/iso-8859-2/shamalt.uw.hu.xml,12464,3128c2a290ec165fc0432ee9b47e9c00dd65d172aa2e08ecdde98da58a649787
rustrepotrans__python__encoding,scaffold/src/tests/data/largesets/iso-8859-2/ugyanmar.blogspot.com.xml,17772,08eb34a36d84fa235d835b5ed53531bd8ce1156a62c4adca1d6a7b566f3a0994
rustrepotrans__python__encoding,scaffold/src/tests/data/largesets/iso-8859-4/_ude_1.txt,2894,bb368486c0b9358f6b9acb249ad9e4ef830eaf651461eefffe6d1f6d1ff1dced
rustrepotrans__python__encoding,scaffold/src/tests/data/largesets/iso-8859-5/_chromium_ISO-8859-5_with_no_encoding_specified.html,587,d0f1638e6fa823d362db44ff00b801e8d673b08cb6bcf7dae4e9dda6c6a40628
rustrepotrans__python__encoding,scaffold/src/tests/data/largesets/iso-8859-5/_ude_1.txt,3067,5e7d176ce64b765fdc7f72b2bf418d5448663a9761eae3d7262d5d44ea398dca
rustrepotrans__python__encoding,scaffold/src/tests/data/largesets/iso-8859-5/aero-bg.com.xml,11527,8d023c9bdfaeab3478d46fa5032624bc02114b825ad55b039a7fa0d71474ad49
rustrepotrans__python__encoding,scaffold/src/tests/data/largesets/iso-8859-5/aif.ru.health.xml,7823,352c3e2a27a8eb90a1e926b286da8bfdfb2ca867fc7a02924c78f03f6bd85372
rustrepotrans__python__encoding,scaffold/src/tests/data/largesets/iso-8859-5/aug32.hole.ru.xml,629,ba09d88da9d63a3a8655237bc2c60718e865ee30127f92691c73a80a3f5854ca
rustrepotrans__python__encoding,scaffold/src/tests/data/largesets/iso-8859-5/aviaport.ru.xml,44668,af5f219bff68bbd93ce9e5798333ede42c249de56d9613ec6457478d8fafbf9b
rustrepotrans__python__encoding,scaffold/src/tests/data/largesets/iso-8859-5/bbc.co.uk.popshow.xml,15247,166c941320885d16a77cb68a83aaadeefc3bbbb1d7abe771963130905aba82b2
rustrepotrans__python__encoding,scaffold/src/tests/data/largesets/iso-8859-5/blog.mlmaster.com.xml,6457,e5ead9ace110c58c88d30f10659f7cdb475bec181c12481c66a8ff7c1afe37e9
rustrepotrans__python__encoding,scaffold/src/tests/data/largesets/iso-8859-5/bpm.cult.bg.2.xml,12151,e2512773100eba03397590557d77524323047aa515bf533001787d83fd21670a
rustrepotrans__python__encoding,scaffold/src/tests/data/largesets/iso-8859-5/bpm.cult.bg.4.xml,5584,1f06cc4360dfe8c75ae0e40f58381506b596e0fcc5c92ed193b751c03a33882e
rustrepotrans__python__encoding,scaffold/src/tests/data/largesets/iso-8859-5/bpm.cult.bg.9.xml,12433,8b710a0f74a0fa89b2d9bffafb6ab238d108ed287e0319e2566b917e851ba6e6
rustrepotrans__python__encoding,scaffold/src/tests/data/largesets/iso-8859-5/bpm.cult.bg.medusa.4.xml,5591,d1377e9e85203c55d7c52d8f16cf82e828d740799597099eeaba8d01659339cc
rustrepotrans__python__encoding,scaffold/src/tests/data/largesets/iso-8859-5/bpm.cult.bg.xml,2932,558576121a38c992ff757f0feba7a59c4d6f2338dd25c1683757c4582ae4a88c
rustrepotrans__python__encoding,scaffold/src/tests/data/largesets/iso-8859-5/debian.gabrovo.com.news.xml,2102,710d46e3e052ab2643fd43ee4e2dfcfc0812d5cfb915032d4d1a7cbcb351cf9c
rustrepotrans__python__encoding,scaffold/src/tests/data/largesets/iso-8859-5/debian.gabrovo.com.xml,1184,90f315ead98afce8bea800d961655db9bef3de239553af7cfe0f334e97fd8443
rustrepotrans__python__encoding,scaffold/src/tests/data/largesets/iso-8859-5/doncho.net.comments.xml,4190,f5ed573363f5231e4ce1c923d58d6f185babeff081332f9452f45b031689df83
rustrepotrans__python__encoding,scaffold/src/tests/data/largesets/iso-8859-5/ecloga.cult.bg.xml,13120,e52c2903fc5128f439cf9f3a3a7b50908c994028fdc3867d7e311a203c108ea1
rustrepotrans__python__encoding,scaffold/src/tests/data/largesets/iso-8859-5/forum.template-toolkit.ru.1.xml,24871,7d03a333be57b70349d86d09c3188240abf1246cad3c5a82c4da31564ee92d37
rustrepotrans__python__encoding,scaffold/src/tests/data/largesets/iso-8859-5/forum.template-toolkit.ru.4.xml,10738,51ce89d669acac056febe0a970629a376d173b1ba3ecdcdb63e9e67a2cf4b9fd
rustrepotrans__python__encoding,scaffold/src/tests/data/largesets/iso-8859-5/forum.template-toolkit.ru.6.xml,32208,c719e449b64c10ba27813c2c71812e23677234ed5070049700fd32c46dda88dc
rustrepotrans__python__encoding,scaffold/src/tests/data/largesets/iso-8859-5/forum.template-toolkit.ru.8.xml,17752,7f273c5da29c4ee468bd9d7e16aec2bf72444e761302889239a2071e727ca4d3
rustrepotrans__python__encoding,scaffold/src/tests/data/largesets/iso-8859-5/forum.template-toolkit.ru.9.xml,2976,083a1756d0eaa82db458468a104c26e6971fbd7791730d1ff0ff80a4255f2175
rustrepotrans__python__encoding,scaffold/src/tests/data/largesets/iso-8859-5/greek.ru.xml,2061,db9dbbd587d86a5e41be0e40f7111e2be8b3565eeae701a19756160b604013e8
rustrepotrans__python__encoding,scaffold/src/tests/data/largesets/iso-8859-5/ide.li.xml,2721,9b48dc41a6a202d7e64c66f32217841c4de6472a349861b9eac69fad182295eb
rustrepotrans__python__encoding,scaffold/src/tests/data/largesets/iso-8859-5/intertat.ru.xml,583,fc89071ce479fa3ec97f8fb527819c93c042fc91ba643d8028a7ff7826dd2890
rustrepotrans__python__encoding,scaffold/src/tests/data/largesets/iso-8859-5/janulalife.blogspot.com.xml,18817,5f9d3dfbeb5dff2845231523a50f4083c0f67eb2c280f6fb5dcaf3233d6dc8ab
rustrepotrans__python__encoding,scaffold/src/tests/data/largesets/iso-8859-5/kapranoff.ru.xml,7471,6adf3c268b85d59b57364c3a438513691d2820ce4176d11e5bc6dc4eec8befd1
rustrepotrans__python__encoding,scaffold/src/tests/data/largesets/iso-8859-5/linux-bg.org.xml,3009,e83e8b81f57794593fa95af93ed7cf295af2a9c560f4525f590a924b1df0b6ea
rustrepotrans__python__encoding,scaffold/src/tests/data/largesets/iso-8859-5/money.rin.ru.xml,7558,801048f535f2c1f03443d4e2a1ca0ff6a0dd077cb669938f15781ae18762796a
rustrepotrans__python__encoding,scaffold/src/tests/data/largesets/iso-8859-5/music.peeps.ru.xml,7874,d13f3497168430f8fb926806a9400a76891df910fffdf4fad19c8c52205abf4b
rustrepotrans__python__encoding,scaffold/src/tests/data/largesets/iso-8859-5/newsru.com.xml,24107,ac1faa9c2a0fdc218c4239637b249a6d17ac0472fc810b1558d1384f95ad5348
rustrepotrans__python__encoding,scaffold/src/tests/data/largesets/iso-8859-5/susu.ac.ru.xml,1214,6f04f4749dd3c312a9b22315f24854d7aa74306dfd120a56ea6be29993f88927
rustrepotrans__python__encoding,scaffold/src/tests/data/largesets/iso-8859-6/_chromium_ISO-8859-6_with_no_encoding_specified.html,605,270e7f1ace8f71ca39a114ca6e9b57c61586cd0515bf102d8e6a9cb6fe4b158f
rustrepotrans__python__encoding,scaffold/src/tests/data/largesets/iso-8859-6/_ude_1.txt,2637,b94496d26a3c815a42f31a4b27a93876ae22362754dcdf03f385d0b2723c5265
rustrepotrans__python__encoding,scaffold/src/tests/data/largesets/iso-8859-7/_chromium_ISO-8859-7_with_no_encoding_specified.html,339,a1395445b1b8f4ee6742d07baddbb06a85fff2a0410c01b42e26c3d6552f20e6
rustrepotrans__python__encoding,scaffold/src/tests/data/largesets/iso-8859-7/_ude_1.txt,1639,2f209e7dc00a8f6c3ab7151db525cefb04ca91d22488369b7b786f03e640a1fc
rustrepotrans__python__encoding,scaffold/src/tests/data/largesets/iso-8859-7/_ude_2.txt,1180,72f969e362289d18ce10182283fb01d1ac052a634c1fb3fdbc690616a8357048
rustrepotrans__python__encoding,scaffold/src/tests/data/largesets/iso-8859-7/_ude_3.txt,570,cf9afae3a58f28a422fa8edecf255744a8cffb559262d3b3f7dfa3e1d6f59cb4
rustrepotrans__python__encoding,scaffold/src/tests/data/largesets/iso-8859-7/_ude_greek.txt,570,cf9afae3a58f28a422fa8edecf255744a8cffb559262d3b3f7dfa3e1d6f59cb4
rustrepotrans__python__encoding,scaffold/src/tests/data/largesets/iso-8859-7/disabled.gr.xml,10120,d314f20044e99128c23d6f8be8453685039117351dd58317bd4d6f169c574f71
rustrepotrans__python__encoding,scaffold/src/tests/data/largesets/iso-8859-7/hotstation.gr.xml,2051,5c6a55ecf7f29de2135326914ddb8655ad428a2e79fc2f34857e15e71dbb4c7d
rustrepotrans__python__encoding,scaffold/src/tests/data/largesets/iso-8859-7/naftemporiki.gr.bus.xml,4505,e85b63df282398250a8347a95a12aaa6b5c800fff1f20dd91d7c3f32cd881cbf
rustrepotrans__python__encoding,scaffold/src/tests/data/largesets/iso-8859-7/naftemporiki.gr.cmm.xml,4072,68f03d141d6ed3029b0e6d52426435edcf18077a9d216fb853ec5b00962ee536
rustrepotrans__python__encoding,scaffold/src/tests/data/largesets/iso-8859-7/naftemporiki.gr.fin.xml,4473,1c69be5fb9ffd7f07693d36574d4ead39fbbaea12fe0f8cef26366716cd24bd5
rustrepotrans__python__encoding,scaffold/src/tests/data/largesets/iso-8859-7/naftemporiki.gr.mrk.xml,4317,7eed081151c2f9c18a7a2c782d619a208b523919d7239e8942ba014a2307509b
rustrepotrans__python__encoding,scaffold/src/tests/data/largesets/iso-8859-7/naftemporiki.gr.mrt.xml,4523,ebaa7ef2441fec3b5dbfd44f4e1416abeac1be9a59c62743f1c9c7213f32827f
rustrepotrans__python__encoding,scaffold/src/tests/data/largesets/iso-8859-7/naftemporiki.gr.spo.xml,4372,5624ec40f32553be6d451ca816791c49a8e0f25eeb7f832baf602ff4c820f9fb
rustrepotrans__python__encoding,scaffold/src/tests/data/largesets/iso-8859-7/naftemporiki.gr.wld.xml,4576,4d8990e9cc1de780f7fe8b49b6be17e9f5b23e42eddf286d5ba202d08d2a651f
rustrepotrans__python__encoding,scaffold/src/tests/data/largesets/koi8-r/_chromium_KOI8-R_with_no_encoding_specified.html,583,b20fcc8a42b82342dccd746726ce3fbfb83e503079bbc31442c148b070b6d7fc
rustrepotrans__python__encoding,scaffold/src/tests/data/largesets/koi8-r/_ude_1.txt,1211,78c7feb8e452521616386a85e62d263748e57d17ef062f7445460976dcb97935
rustrepotrans__python__encoding,scaffold/src/tests/data/largesets/koi8-r/aif.ru.health.xml,7966,b0f1280605fad0c498ab83acaebea7c2479aef73a8c7cbc8028c7727c0b44c24
rustrepotrans__python__encoding,scaffold/src/tests/data/largesets/koi8-r/aug32.hole.ru.xml,634,18774b49a8151468478790e33f94033a8600b64ed34b7360a94c7d9a06797c6e
rustrepotrans__python__encoding,scaffold/src/tests/data/largesets/koi8-r/aviaport.ru.xml,61945,c63f2635e349918f12ab6e886933c9c4a66007cffb12d30c55bd6af4de6991ee
rustrepotrans__python__encoding,scaffold/src/tests/data/largesets/koi8-r/blog.mlmaster.com.xml,6455,735e03cd4e14f29911d46da5e83bb33db313611d7045c17a887d0b9f49e7bb82
rustrepotrans__python__encoding,scaffold/src/tests/data/largesets/koi8-r/forum.template-toolkit.ru.1.xml,24894,6fe7ac8c7460dfb8a77177d1d38b3307254bea730351ef67d389340333a0a50f
rustrepotrans__python__encoding,scaffold/src/tests/data/largesets/koi8-r/forum.template-toolkit.ru.4.xml,11051,782939222fdcbab3c6f6825019e2bea21589f9c7602a6700d1de14e0373b06d4
rustrepotrans__python__encoding,scaffold/src/tests/data/largesets/koi8-r/forum.template-toolkit.ru.6.xml,32901,258493824f203c57638d4a3878165a2bfedd49fe08856b84f61043b91bb6017e
rustrepotrans__python__encoding,scaffold/src/tests/data/largesets/koi8-r/forum.template-toolkit.ru.8.xml,18265,8f456e68f2e8cfced855a7be7cd41ffa929c027be6a0ed15c4d9aaeea6a23d88
rustrepotrans__python__encoding,scaffold/src/tests/data/largesets/koi8-r/forum.template-toolkit.ru.9.xml,2979,c7603657b4601688b11cbc9077a940873274fa5104cfd8ce08a9afc5b57a1379
rustrepotrans__python__encoding,scaffold/src/tests/data/largesets/koi8-r/greek.ru.xml,4271,ed31729a014da8d448deb0f8bbc98ff645fa984e2f5df02a78ef27c4810984bd
rustrepotrans__python__encoding,scaffold/src/tests/data/largesets/koi8-r/intertat.ru.xml,66462,f170cc14401219df226070623866ccd38eaabb192b39470e94bb21f927a1a458
rustrepotrans__python__encoding,scaffold/src/tests/data/largesets/koi8-r/janulalife.blogspot.com.xml,18809,f9c73bfb86440040473f624c7d5d15930231bfbfca2187930514104fb1ebd79b
rustrepotrans__python__encoding,scaffold/src/tests/data/largesets/koi8-r/kapranoff.ru.xml,7701,fd8e28c1f5e7a25d929268fcdf89e6c6a00d0aa60b5753e4ac32beee8442b201
rustrepotrans__python__encoding,scaffold/src/tests/data/largesets/koi8-r/koi.kinder.ru.xml,25155,fd3502f3884993ecf89942ae95893fff01c4f2b17352c5878c0a3f316fec087d
rustrepotrans__python__encoding,scaffold/src/tests/data/largesets/koi8-r/money.rin.ru.xml,7582,e68a70a42e5814963f5212e6e6ed5e9896eb0a9bb6dba4836bd2f8abe3a43d9c
rustrepotrans__python__encoding,scaffold/src/tests/data/largesets/koi8-r/music.peeps.ru.xml,7947,4f7789803872bd07308ff0cc49e174c63ea7317cde8f5f3f7c3cd5d6d700c20f
rustrepotrans__python__encoding,scaffold/src/tests/data/largesets/koi8-r/newsru.com.xml,24264,b14e76967af35a3d5f6abb46b2286c0a622a4bcf1f0855183c52fd39740b89c2
rustrepotrans__python__encoding,scaffold/src/tests/data/largesets/koi8-r/susu.ac.ru.xml,13623,7529e74a9df56ca7918e7346dc5024cab18f07aa78a04b56684a4c2ddc08f0bb
rustrepotrans__python__encoding,scaffold/src/tests/data/largesets/shift_jis/10e.org.xml,49064,d662f244feba332b6ba34959118fddba5a41f1da4f2bd0102306ecfa1511a740
rustrepotrans__python__encoding,scaffold/src/tests/data/largesets/shift_jis/1affliate.com.xml,55398,ef1d8834489952075ea2c5fba7c2ebe030601a417424fb375909d6dfad627ccd
rustrepotrans__python__encoding,scaffold/src/tests/data/largesets/shift_jis/_ude_1.txt,24612,a92b92fd8f269581a11e20235a242e82e895d5c70f51896cfddfd9e6e0893caa
rustrepotrans__python__encoding,scaffold/src/tests/data/largesets/shift_jis/_ude_2.txt,1375,120de281feba07d02270b78b3cc03702adf5eefe112a84e4bd135108538aa36c
rustrepotrans__python__encoding,scaffold/src/tests/data/largesets/shift_jis/_ude_3.txt,1375,120de281feba07d02270b78b3cc03702adf5eefe112a84e4bd135108538aa36c
rustrepotrans__python__encoding,scaffold/src/tests/data/largesets/shift_jis/_ude_4.txt,34727,2cd209bd1ae1d35a2afefba09f718ebd5e260df6c42ab534cd89ccaf06d0742e
rustrepotrans__python__encoding,scaffold/src/tests/data/largesets/shift_jis/accessories-brand.com.xml,13732,b4f0a4f000a46131f5a2b6c6886313c0416d6502190bf496cbf028cef452ffdf
rustrepotrans__python__encoding,scaffold/src/tests/data/largesets/shift_jis/amefoot.net.xml,58977,240c4892297da48ca8fce3fca86e4cdb02aafe4251bc575b7bdad547bf133abc
rustrepotrans__python__encoding,scaffold/src/tests/data/largesets/shift_jis/andore.com.inami.xml,11351,401931d322b6ec71d6db306cbcd04457a2ceb052b309b60667531ae3592b475d
rustrepotrans__python__encoding,scaffold/src/tests/data/largesets/shift_jis/andore.com.money.xml,17236,285251d926c66d5df6d974c5067c68dfa096db9ada6964aa7b460082e0f730c6
rustrepotrans__python__encoding,scaffold/src/tests/data/largesets/shift_jis/andore.com.xml,8325,d72be2aa60f84d3f6e29465200c0b57dd10e6e0b1a227bf2f50ec842875482a9
rustrepotrans__python__encoding,scaffold/src/tests/data/largesets/shift_jis/blog.inkase.net.xml,30255,e116387bbc1f670027c5a42a42794c3fdb1f4b544befa1886623992fd6a9afca
rustrepotrans__python__encoding,scaffold/src/tests/data/largesets/shift_jis/blog.paseri.ne.jp.xml,24859,4f29cda346eb92ca758ae8d533574bf68fe83c09adc536d732482cdb7810ef6a
rustrepotrans__python__encoding,scaffold/src/tests/data/largesets/shift_jis/bloglelife.com.xml,27219,27aa42ec8ea9a3f450b52ad8e9c033b3a39033b0336897e21dac33c485896f25
rustrepotrans__python__encoding,scaffold/src/tests/data/largesets/shift_jis/brag.zaka.to.xml,17145,4ebdd883f5905a38f4b498e6ee786daee14e717a5b9c8c700b0fda285cc0ff0b
rustrepotrans__python__encoding,scaffold/src/tests/data/largesets/shift_jis/celeb.lalalu.com.xml,47828,ce213d83cb99970fb9d9d04a1eb1bea97adf5d91b5a949d4dfb514f27f88eff0
rustrepotrans__python__encoding,scaffold/src/tests/data/largesets/shift_jis/clickablewords.com.xml,18136,62f79b5872068c59122e531e28ac6cad595f50058a79e56ca1716bb56183d296
rustrepotrans__python__encoding,scaffold/src/tests/data/largesets/shift_jis/do.beginnersrack.com.xml,30840,ac6ebae312cfbb52bfc60f37c2aa182ed22f91ef84c02c242103794b36e1a636
rustrepotrans__python__encoding,scaffold/src/tests/data/largesets/shift_jis/dogsinn.jp.xml,17767,8bb452e7493c24748530f987167115b25713a5c86a07255b9f4f67ae8b960980
rustrepotrans__python__encoding,scaffold/src/tests/data/largesets/shift_jis/grebeweb.net.xml,16953,865d8ad7f3e3663a145f1dbebdc51abedf9e1fd3fc1598e9bf4d02237b37c09e
rustrepotrans__python__encoding,scaffold/src/tests/data/largesets/shift_jis/milliontimes.jp.xml,34584,7b59e5da673bbed741a767e002cbb4f5a8941584172c0245ecb757cc6cd95ff0
rustrepotrans__python__encoding,scaffold/src/tests/data/largesets/shift_jis/moon-light.ne.jp.xml,7588,93e679367402f06d62ff524547aa26bbaa938d84ff0d3d34ee9e3ccf139daa5f
rustrepotrans__python__encoding,scaffold/src/tests/data/largesets/shift_jis/nextbeaut.com.xml,21540,58138cd8cd6cfaf0a0e23b4e5cc84efb49224e6bf4a746fe033beea0540a0241
rustrepotrans__python__encoding,scaffold/src/tests/data/largesets/shift_jis/ooganemochi.com.xml,2681,624f59e158dd4606256962f836a5f90a152d384d134750059c8ed17bb618bba9
rustrepotrans__python__encoding,scaffold/src/tests/data/largesets/shift_jis/perth-on.net.xml,3760,a9463d700e60e83dd53e1f646740dba4801caf66f61d52b864c8371d4e11dd7a
rustrepotrans__python__encoding,scaffold/src/tests/data/largesets/shift_jis/sakusaka-silk.net.xml,51676,5b391485f5dce77ff278d677493a74564ae284b5bea44bb7e83e0af9cc0d076c
rustrepotrans__python__encoding,scaffold/src/tests/data/largesets/shift_jis/setsuzei119.jp.xml,48592,05ccf2a381b6a07918b1910cc050a1a4244747027392081df049d8478e632606
rustrepotrans__python__encoding,scaffold/src/tests/data/largesets/shift_jis/tamuyou.haun.org.xml,30148,b5d58130c22118e4de6c1dabcf507467acdf9330ff2f8be40b5d4ef7bdcb9022
rustrepotrans__python__encoding,scaffold/src/tests/data/largesets/shift_jis/yasuhisa.com.xml,5431,cb5e08da278e9d6fbd4e4c9acc3e0cd352dd2074d94a36b9c90f8f09e0e1373c
rustrepotrans__python__encoding,scaffold/src/tests/data/largesets/utf-16be/bom-utf-16-be.srt,1714,eb0b76b661de51e3c8f387f67b9829b7c4642467dcbaabc56443ba93d300a181
rustrepotrans__python__encoding,scaffold/src/tests/data/largesets/utf-16le/bom-utf-16-le.srt,1714,b2b06ff95e9ceaca9ed099b3cf63785c0750235d5de58f64c7d1ef105750977e
rustrepotrans__python__encoding,scaffold/src/tests/data/largesets/utf-8/_chromium_UTF-8_with_no_encoding_specified.html,811,c6832ac398f1d5036828f52b81af26459a7b04bb06a41b6d3a892559ca8d67c2
rustrepotrans__python__encoding,scaffold/src/tests/data/largesets/utf-8/_mozilla_bug306272_text.html,227,d09887f05d9dab95a8462c617946a4c0a3d5d9410832fd67782041273f3a24a1
rustrepotrans__python__encoding,scaffold/src/tests/data/largesets/utf-8/_mozilla_bug426271_text-utf-8.html,1027,c977cbd5ab766a9380085a7cf0ed278166240d90befb218a919f7ca42a41ddf9
rustrepotrans__python__encoding,scaffold/src/tests/data/largesets/utf-8/_ude_1.md,10109,654ca0577cd24accfbf9a4a758bdbd3c5ff534e4921037fa871c053f10f16669
rustrepotrans__python__encoding,scaffold/src/tests/data/largesets/utf-8/_ude_1.txt,549,27fd4f530bfb4d83ab0451d316bcbb05204d7d8100b3594e7f216b9690f62e9e
rustrepotrans__python__encoding,scaffold/src/tests/data/largesets/utf-8/_ude_2.txt,1628,2a8b21164771eb03c2b9ff1af221dbf2b91d6a9a12197055646da11149252ba3
rustrepotrans__python__encoding,scaffold/src/tests/data/largesets/utf-8/_ude_3.txt,49,fd5f6ac10276dfd327d4c9cbfb8c91fda1d619258ffad0fadcc26fa1cda96257
rustrepotrans__python__encoding,scaffold/src/tests/data/largesets/utf-8/_ude_4.txt,1729,7be065ea1f282b859e2f5fd23c03cdf459b29d1cef2c44019ed3f67c1658b0e0
rustrepotrans__python__encoding,scaffold/src/tests/data/largesets/utf-8/_ude_5.txt,407,081cdf3b9cc676306b91a76dc83ed2a5996ae03050c67576018d92f8c6349577
rustrepotrans__python__encoding,scaffold/src/tests/data/largesets/utf-8/_ude_6.txt,3524,7606447f1d4ff868e12debcefdeaea8f60b9c7aef4c6c7e666dc041b45f6d2c9
rustrepotrans__python__encoding,scaffold/src/tests/data/largesets/utf-8/_ude_greek.txt,1039,e758b6982c3bdb5b52f23a3529f220e8c8adee820b262b0b997b80cd77eddc6b
rustrepotrans__python__encoding,scaffold/src/tests/data/largesets/utf-8/_ude_he1.txt,1187,4eb98e435e981374f1a46011ff0b49c1898f1245ad141b7edaf592f75b7cd91f
rustrepotrans__python__encoding,scaffold/src/tests/data/largesets/utf-8/_ude_he2.txt,2893,65b7f31961afff2957466add804a7548db20deb5cf1ba04b3880f233a6ac1c7f
rustrepotrans__python__encoding,scaffold/src/tests/data/largesets/utf-8/_ude_he3.txt,612,175b7f350a1f56419fd0999c63bb083756e35eef1aa7c288455c7d702ea9a488
rustrepotrans__python__encoding,scaffold/src/tests/data/largesets/utf-8/_ude_russian.txt,2209,2492ff4b9b15c174a998457ff02233cd1367bdfa5d7c066145f15616aaaa941a
rustrepotrans__python__encoding,scaffold/src/tests/data/largesets/utf-8/anitabee.blogspot.com.xml,37858,a2794436a1c7c198e5a37ad5352941dae0a012c9b8340241df77cc22dba67fa9
rustrepotrans__python__encoding,scaffold/src/tests/data/largesets/utf-8/balatonblog.typepad.com.xml,42993,8f1978127a306baf0206acdb5045a5c986c21384cde8c83c7514d597fc6c83dc
rustrepotrans__python__encoding,scaffold/src/tests/data/largesets/utf-8/bom-utf-8.srt,859,4a5850a424c075e25e86fbee489561d5869efdb42297ed08ae074238f312e818
rustrepotrans__python__encoding,scaffold/src/tests/data/largesets/utf-8/boobooo.blogspot.com.xml,12982,0e4bfa4503b778d9b74033bf9d5c723e8907dae30f9c7651b618f77706da6ee0
rustrepotrans__python__encoding,scaffold/src/tests/data/largesets/utf-8/howto.diveintomark.org.xml,3419,a504a7595e8e61f480b71bfed4427263aa98894d9cb31fbffc07f5e4c17c836a
rustrepotrans__python__encoding,scaffold/src/tests/data/largesets/utf-8/linuxbox.hu.xml,14178,74ec929a26c7d77fc40ba78f2edefa9bc6b18dec34e8cc30279ec997066a65d5
rustrepotrans__python__encoding,scaffold/src/tests/data/largesets/utf-8/pihgy.hu.xml,16479,d9eb9d2f57e148069d9535807d5d6bd3c029edfe6ffc4669c1b408a9d54ed412
rustrepotrans__python__encoding,scaffold/src/tests/data/largesets/utf-8/reddit_wsb.csv,16984308,e637219c3b19386889cea095325f024c10cf57eb51363c986f8e09a71c28f7a9
rustrepotrans__python__encoding,scaffold/src/tests/data/largesets/utf-8/weblabor.hu.2.xml,12234,b5ef993f8253bf9cb1ce82fd786582a779fa84916a32b14e0ab88a11a88e87ba
rustrepotrans__python__encoding,scaffold/src/tests/data/largesets/utf-8/weblabor.hu.xml,10054,0321f0577bb2a6b8fe5820df135df1e668e061ac2f239e7197630446374c7d6a
rustrepotrans__python__encoding,scaffold/src/tests/data/largesets/windows-1250/_ude_1.txt,5976,e8cbcd438ebad3f373419e6667b5d69969b2815a9eec61eceebde85e4048b2d6
rustrepotrans__python__encoding,scaffold/src/tests/data/largesets/windows-1250/_ude_10.txt,1136,a4c673ebb54cc63f3860786f4a876dd2907a4350d7a14355a634ff8939259bbe
rustrepotrans__python__encoding,scaffold/src/tests/data/largesets/windows-1250/_ude_11.txt,3201,b893578bc268dc21bb82fe36d4c43a97d8c27f44f0ed94b6f4280ce48c835870
rustrepotrans__python__encoding,scaffold/src/tests/data/largesets/windows-1250/_ude_12.txt,2535,0bc1458b16fd0deea62263fb22fcb94665a8cfde4cc0e702ce23057dbffda4ee
rustrepotrans__python__encoding,scaffold/src/tests/data/largesets/windows-1250/_ude_2.txt,2154,5c601412574dd3a123a84047d6d1b84f43d3e6768e7df7da39b243165901c12d
rustrepotrans__python__encoding,scaffold/src/tests/data/largesets/windows-1250/_ude_3.txt,1646,adcc37638e6fc96924abbf5c32b8d9166de67488967f7ba5471d278a096d6cf1
rustrepotrans__python__encoding,scaffold/src/tests/data/largesets/windows-1250/_ude_4.txt,1685,59663d2c6b3884e64282e312df1b854583490e691f8fac09c38ec09844d5e289
rustrepotrans__python__encoding,scaffold/src/tests/data/largesets/windows-1250/_ude_5.txt,2348,c04166b529eb04929a23ef8289d3bbc558cecc580533012a88bc4564c56a580b
rustrepotrans__python__encoding,scaffold/src/tests/data/largesets/windows-1250/_ude_6.txt,2009,e90349f65e85d37fa4d9b075401ff1a864532760d48f9d86790bf4db0462ecf5
rustrepotrans__python__encoding,scaffold/src/tests/data/largesets/windows-1250/_ude_7.txt,3413,3f1bfdde92b83996ea22e7f89518128661638e586c513b35566a2c34572b2de7
rustrepotrans__python__encoding,scaffold/src/tests/data/largesets/windows-1250/_ude_8.txt,3964,c081a88f636a295c88e380d00fbae12eb1af881613014e5ab2b8347b28043766
rustrepotrans__python__encoding,scaffold/src/tests/data/largesets/windows-1250/_ude_9.txt,1293,a51d1598a5d61baf33ee9c0823142878d3fcf43340a511123edeb595a23873a2
rustrepotrans__python__encoding,scaffold/src/tests/data/largesets/windows-1250/bbc.co.uk.hu.forum.xml,21564,f716e9d2f63263687cbeae51b5d238eae27b30d1225c068ae81e125dcca821d9
rustrepotrans__python__encoding,scaffold/src/tests/data/largesets/windows-1250/bbc.co.uk.hu.learningenglish.xml,18576,20088418de06fc0706d4a9a0348709f4c8a8d3f0ffe4acff5eb5553f17f60673
rustrepotrans__python__encoding,scaffold/src/tests/data/largesets/windows-1250/bbc.co.uk.hu.pressreview.xml,17091,6f665c8da0aed2b89f6d3261a5d5820ae9a19916a23bb5fd0c5efd6cea8af91b
rustrepotrans__python__encoding,scaffold/src/tests/data/largesets/windows-1250/bbc.co.uk.hu.xml,46615,a4220953e3d27fbfd11a81f83d49b3d7e95ed08c4457c4552b86a0587739c44e
rustrepotrans__python__encoding,scaffold/src/tests/data/largesets/windows-1250/objektivhir.hu.xml,13417,bc3c64aa01fd5fdd93447b91289ca3885cfb4a72f01d84c3822c92072d20442f
rustrepotrans__python__encoding,scaffold/src/tests/data/largesets/windows-1250/torokorszag.blogspot.com.xml,596838,8711ee1238978522a389c99ebb108d00be17e2879f4c03409f6c89394de6c075
rustrepotrans__python__encoding,scaffold/src/tests/data/largesets/windows-1251/_chromium_windows-1251_with_no_encoding_specified.html,589,c095fcd829ca7a03894952aa916a0b5b8b71630d0c84adcf432fb72084273e34
rustrepotrans__python__encoding,scaffold/src/tests/data/largesets/windows-1251/_ude_1.txt,1211,3c9d7bcbad61cb6a551b6dcc375f6f8246026e80d19fc2c6ef4564c9f78989c4
rustrepotrans__python__encoding,scaffold/src/tests/data/largesets/windows-1251/_ude_2.txt,3067,84cf383465d5027050893980715225c5397f2f4a29d9e8b5218301e389338801
rustrepotrans__python__encoding,scaffold/src/tests/data/largesets/windows-1251/aif.ru.health.xml,7827,d160d9dd0efa34b2c8315f0bf3727c7a914a56fa3118245cd60292e659b7ba7f
rustrepotrans__python__encoding,scaffold/src/tests/data/largesets/windows-1251/anthropology.ru.xml,10482,922fca7eeac04e440dec76fd4f7df06fc6fa319dffd1d3d051bf9091a9cd611b
rustrepotrans__python__encoding,scaffold/src/tests/data/largesets/windows-1251/aug32.hole.ru.xml,633,9f57a6f6862f21de1cb97e3326a583dbed9ea297974c60dbb0a332331180d80c
rustrepotrans__python__encoding,scaffold/src/tests/data/largesets/windows-1251/aviaport.ru.xml,60039,4e4d7e77b1e7f00f344c74c207b32302580f02337db4286e881a501fbe799bd4
rustrepotrans__python__encoding,scaffold/src/tests/data/largesets/windows-1251/bbc.co.uk.popshow.xml,28125,72185168546ff85bb6a14b93ec0c0031f9ce43d49c604f88bc59c91cb6268595
rustrepotrans__python__encoding,scaffold/src/tests/data/largesets/windows-1251/blog.mlmaster.com.xml,6461,3f212518051ea7c64ff6c76131df32ca1bd2a95f33f23dfdf61e36ea7c223bd9
rustrepotrans__python__encoding,scaffold/src/tests/data/largesets/windows-1251/bpm.cult.bg.2.xml,12193,4823606ccc23fa1a407494a3f69f77aabba1849614ebe781cab9a3637d53f664
rustrepotrans__python__encoding,scaffold/src/tests/data/largesets/windows-1251/bpm.cult.bg.3.xml,11184,afa7e81acb35334cb3bf11eb5ad217f44aa89fdd4fd2bfc59ee5fecdecdd7309
rustrepotrans__python__encoding,scaffold/src/tests/data/largesets/windows-1251/bpm.cult.bg.4.xml,11873,70c4fced008a2c79ea7f41e317aaf6f90fa230a2afdacc6358c5225e0786d75d
rustrepotrans__python__encoding,scaffold/src/tests/data/largesets/windows-1251/bpm.cult.bg.9.xml,12546,6edce97ee26487f06f56fb507fe100979c117aa26f964b0e18482bc224ef99be
rustrepotrans__python__encoding,scaffold/src/tests/data/largesets/windows-1251/bpm.cult.bg.medusa.4.xml,11880,d87c78853a9e012d9eb88755458feedb026166199ba4fb9847e3603e9a8e1d2d
rustrepotrans__python__encoding,scaffold/src/tests/data/largesets/windows-1251/bpm.cult.bg.xml,6568,e63bd385ac90fd6810cbe5c732926e9e74f94f9255c0534aed76a9656ab2abaf
rustrepotrans__python__encoding,scaffold/src/tests/data/largesets/windows-1251/cp1251.longCamelCase.txt,2939,e087f1de84ca1e5b7eb3685488b82c734d28024388a895554234f0197e8619af
rustrepotrans__python__encoding,scaffold/src/tests/data/largesets/windows-1251/debian.gabrovo.com.news.xml,2115,948bfc652884f8d342788daf5e90d82ef7eab4457f6600d171c9bf2f18b72ba2
rustrepotrans__python__encoding,scaffold/src/tests/data/largesets/windows-1251/debian.gabrovo.com.xml,1197,c47b9a6c2c29c4d6dbfd3f7faecc3dc72e53f50923c0e43f438629c3ae84ecfe
rustrepotrans__python__encoding,scaffold/src/tests/data/largesets/windows-1251/doncho.net.comments.xml,9587,79943147374a59ce51a00bb307a4a54456aac7195982ac840e15c76cf692a05c
rustrepotrans__python__encoding,scaffold/src/tests/data/largesets/windows-1251/doncho.net.xml,9177,93c5f8f9b534ac507d29bd7d6edca9dbe765da1d4704754d1acf1dc0191128e0
rustrepotrans__python__encoding,scaffold/src/tests/data/largesets/windows-1251/ecloga.cult.bg.xml,13203,2046593579329bbd8a0036ba6ad731b7662c511d663c395aa2f520eb6aa4cb18
rustrepotrans__python__encoding,scaffold/src/tests/data/largesets/windows-1251/forum.template-toolkit.ru.1.xml,24875,f8b59b92f02427ca7f1217c733bf61d317d1e1e059bed96d05ffdd5e120e34fc
rustrepotrans__python__encoding,scaffold/src/tests/data/largesets/windows-1251/forum.template-toolkit.ru.4.xml,10742,2431158c1a1efa52fd6c6a7c21cd8f0a075d963eeac242ec7c4cd73e4ec06507
rustrepotrans__python__encoding,scaffold/src/tests/data/largesets/windows-1251/forum.template-toolkit.ru.6.xml,32212,af38344947a12e846bfe81c8b643ebfde98a3026a1376d1a4e018cc560f8a7c0
rustrepotrans__python__encoding,scaffold/src/tests/data/largesets/windows-1251/forum.template-toolkit.ru.8.xml,17756,7ffce3d412e1e9a469e0e6f3c62506f6a3d57c9dd76268b80ba0a724b1ca55cc
rustrepotrans__python__encoding,scaffold/src/tests/data/largesets/windows-1251/forum.template-toolkit.ru.9.xml,2980,689bc4056a2515eb62e9ac090668f7236fb0a75a3341f373a3a4792bf1e05a1a
rustrepotrans__python__encoding,scaffold/src/tests/data/largesets/windows-1251/greek.ru.xml,2065,015ef1d2d5174eff6a9dab865bf726e01f5447cc9fb087a461fc7d7e5997d5c4
rustrepotrans__python__encoding,scaffold/src/tests/data/largesets/windows-1251/ide.li.xml,3963,26a61e4823319e176af4299a73cc4e4851b776b92310ef8494dc4647b6b2b544
rustrepotrans__python__encoding,scaffold/src/tests/data/largesets/windows-1251/informator.org.xml,2026,0d4be3602d7f5d66d286da4ea8dfa2ddc837171958301e87ab025aca183ab345
rustrepotrans__python__encoding,scaffold/src/tests/data/largesets/windows-1251/intertat.ru.xml,587,2a501fad69d5e1548123c21654e87ab76095fb1baf82dde172700a685ed13f18
rustrepotrans__python__encoding,scaffold/src/tests/data/largesets/windows-1251/janulalife.blogspot.com.xml,18821,41938d36611df5b4eb4239422bb439b9f2724c745b6782440ae0c85731a9bc64
rustrepotrans__python__encoding,scaffold/src/tests/data/largesets/windows-1251/kapranoff.ru.xml,7475,2d4ebf741b1d8a12e83abc132593d663264574a6078a6f429b7593947486b83a
rustrepotrans__python__encoding,scaffold/src/tests/data/largesets/windows-1251/linux-bg.org.xml,3030,69889782bae245d95ca0285f8d6869569592e4839ef786ca99c4997647a1b5c0
rustrepotrans__python__encoding,scaffold/src/tests/data/largesets/windows-1251/money.rin.ru.xml,7562,54795f3d62225569dff21de52a33efa85f4dc6a6057671370ed9a032aa23fea2
rustrepotrans__python__encoding,scaffold/src/tests/data/largesets/windows-1251/music.peeps.ru.xml,7878,f97742117ea14dd86c7a09e8e462f4aa6edf7e1d1f10fa441bb94986283ddbb3
rustrepotrans__python__encoding,scaffold/src/tests/data/largesets/windows-1251/newsru.com.xml,24111,28f658189edbbeb0f55ceade9b68eb71cf1c7d1a2731c952073f7d2d739ee891
rustrepotrans__python__encoding,scaffold/src/tests/data/largesets/windows-1251/rinennor.org.xml,5559,32c3d622c24fed17f4f9a7908d8a46f300961c3133fd88fc0e5b180fcd1cfddb
rustrepotrans__python__encoding,scaffold/src/tests/data/largesets/windows-1254/_chromium_windows-1254_with_no_encoding_specified.html,340,ac882dd4bd73effd666f010b0dcf0d6d552933e059f2219ad8193871a043541e
rustrepotrans__python__encoding,scaffold/src/tests/data/largesets/windows-1254/_ude_1.txt,2088,070e95e4810706a071a67160d5081bf5fe95da49efd951d51f34ac39e23879c7
rustrepotrans__python__encoding,"scaffold/src/tests/data/largesets/windows-1255,iso-8859-8/_chromium_ISO-8859-8_with_no_encoding_specified.html",602,7c570fab54e58efa1b5c4e515a1d65fae6def5f79205f51c8b2ba7069824c9fd
rustrepotrans__python__encoding,"scaffold/src/tests/data/largesets/windows-1255,iso-8859-8/_chromium_windows-1255_with_no_encoding_specified.html",604,725b86cd4b951019308bb97d99577b61d0c4391f8de2267e9c9b39eedc53cea6
rustrepotrans__python__encoding,"scaffold/src/tests/data/largesets/windows-1255,iso-8859-8/_ude_he1.txt",681,e931b86c0392524726fddc129ac802cf38149bbcf9c38480b670900330743a40
rustrepotrans__python__encoding,"scaffold/src/tests/data/largesets/windows-1255,iso-8859-8/_ude_he2.txt",1608,42a8eb1e0a58a090343b04fcfa7a86de0631b016ef3fcd6b5689bec704f2bcc8
rustrepotrans__python__encoding,"scaffold/src/tests/data/largesets/windows-1255,iso-8859-8/_ude_he3.txt",340,eb3a0aa5646487ee6b06c7ef8a9223a89cc2c7b920c787f982ba712d8fedf5f4
rustrepotrans__python__encoding,"scaffold/src/tests/data/largesets/windows-1255,iso-8859-8/carshops.co.il.xml",142386,fbb0f70fe04dc1510d0512aa1a27e3de0702e20b6ce296e0849c7d19130af8d1
rustrepotrans__python__encoding,"scaffold/src/tests/data/largesets/windows-1255,iso-8859-8/exego.net.2.xml",11896,18d71b2c8ed9e6d63d830a9bf4d0f5d1092d4d1896cc3fa152e5919b84275965
rustrepotrans__python__encoding,"scaffold/src/tests/data/largesets/windows-1255,iso-8859-8/hagada.org.il.xml",3687,995552aacccab7729055f726f9c6b11f1f60f34bf44559cdc2f00994582ed57f
rustrepotrans__python__encoding,"scaffold/src/tests/data/largesets/windows-1255,iso-8859-8/halemo.net.edoar.xml",15049,da721f6f2fbac17da03d16520a80857e43b3cd76ee2e28235cc47bf13370ecdd
rustrepotrans__python__encoding,"scaffold/src/tests/data/largesets/windows-1255,iso-8859-8/hevra.org.il.xml",2111,58328f7ac7b6940ac6421662b7f952814769c1b74fa4fedcee4f1eb1d75bf1de
rustrepotrans__python__encoding,"scaffold/src/tests/data/largesets/windows-1255,iso-8859-8/hydepark.hevre.co.il.7957.xml",82358,c3dfea63066280eca137ce55f2b3207042a0cd22ba5050368e6371cdc9272656
rustrepotrans__python__encoding,"scaffold/src/tests/data/largesets/windows-1255,iso-8859-8/info.org.il.xml",7980,0c1c8154471df99a6488f1da7be778780f6c0ce83dbcc9a1dcf68336a62612db
rustrepotrans__python__encoding,"scaffold/src/tests/data/largesets/windows-1255,iso-8859-8/infomed.co.il.xml",8119,41cd0455b01c02383d772f417dd0217ed0cb83cf82b192748e7035b39ada87e7
rustrepotrans__python__encoding,"scaffold/src/tests/data/largesets/windows-1255,iso-8859-8/law.co.il.xml",5477,8d02d3043875a98e79aa7292afcc92895f4bcda1dac06232a83dda3070214bf1
rustrepotrans__python__encoding,"scaffold/src/tests/data/largesets/windows-1255,iso-8859-8/maakav.org.xml",1835,c19b099298fbc3f1e852017c9584c8322d1361632fd22a92fc221c609d0ef2fd
rustrepotrans__python__encoding,"scaffold/src/tests/data/largesets/windows-1255,iso-8859-8/neviim.net.xml",7245,cf3b034c716bf63e28e4a90e41658301c6f6920ce3249cb2ea5c45444e193b4a
rustrepotrans__python__encoding,"scaffold/src/tests/data/largesets/windows-1255,iso-8859-8/notes.co.il.50.xml",10945,3f5b8cce4cc077a710ce321ca3e2052d5b6c3a456be9bac489514cf4053cbb48
rustrepotrans__python__encoding,"scaffold/src/tests/data/largesets/windows-1255,iso-8859-8/notes.co.il.6.xml",10056,35e19b52ae76476602fb850486c25db05b425d0253209f66dd90cf2776b6ca53
rustrepotrans__python__encoding,"scaffold/src/tests/data/largesets/windows-1255,iso-8859-8/notes.co.il.7.xml",9972,f9efe44cb926887187e0276aa59af43b370ef821e06e833d9d575892cccd4f89
rustrepotrans__python__encoding,"scaffold/src/tests/data/largesets/windows-1255,iso-8859-8/notes.co.il.8.xml",10860,cdeead05cbe18a9ee7206344a8be1a71edc588cc2e6603c9b5fb5e274be2d426
rustrepotrans__python__encoding,"scaffold/src/tests/data/largesets/windows-1255,iso-8859-8/pcplus.co.il.xml",1652,18155e7d47f4c75b2618d9762048a7887f4ccae0aae0d4632161aa13913bd832
rustrepotrans__python__encoding,"scaffold/src/tests/data/largesets/windows-1255,iso-8859-8/sharks.co.il.xml",4949,1533f653fb6dab09f8178a794cf889ab7e929af3cb89bbd498c6bb852f6a0b5c
rustrepotrans__python__encoding,"scaffold/src/tests/data/largesets/windows-1255,iso-8859-8/whatsup.org.il.xml",8755,a53d20576fde624d545b855153166d86e0481579b6dd8a71b464854b9f6d5715
rustrepotrans__python__encoding,scaffold/src/tests/data/largesets/windows-1256/_chromium_windows-1256_with_no_encoding_specified.html,607,fbcd54533dba53c3482e2b9e5a00b867fc4199856ac0cf3030b89f07f60f4e3c
rustrepotrans__python__encoding,scaffold/src/tests/data/largesets/windows-1256/_ude_1.txt,2637,f64d21c725495ae62de167eaed40d12e3a67a4ad1e121a909035171e3dd2fb39
rustrepotrans__python__encoding,scaffold/src/tests/data/largesets/windows-1257/_ude_1.txt,1532,9c900b276db37a84f7f45eafec1cc73d44d9cadf3c970b37f08623a154587593
rustrepotrans__python__encoding,scaffold/src/tests/data/largesets/windows-1258/_ude_1.txt,1861,b556a97147b066ccaea0825e96efc35d5dc27cb8390c7a80be53638a8c699427
rustrepotrans__python__encoding,scaffold/src/tests/data/largesets/windows-1258/_ude_2.txt,276,0f2c97b5c48c7f3db6d98f6f51a9acacd82da537bb65e9b6ea17378610442f3c
rustrepotrans__python__encoding,scaffold/src/tests/data/largesets/windows-874/_mozilla_bug488426_text.html,70,c7a69ee2d0d2a3d33070f200a4bd83676689c2fefe4fb1bce88eaedaac60aa52
rustrepotrans__python__encoding,scaffold/src/tests/data/largesets/windows-874/opentle.org.xml,14156,1820a1e66d686a56cf6b568f6bba8be2b25549d45c0c198e7d361140e390e28b
rustrepotrans__python__encoding,scaffold/src/tests/data/largesets/windows-874/pharmacy.kku.ac.th.analyse1.xml,12082,5be2e7e94ca24ca86687317d9621cfb03403beb6d7c5b3dba4ccb01bc934e2e2
rustrepotrans__python__encoding,scaffold/src/tests/data/largesets/windows-874/pharmacy.kku.ac.th.centerlab.xml,9540,d1a59bdf6ddb2f3e4b71fbd322125c0af672a1a05bc9e365775c9982809b1f23
rustrepotrans__python__encoding,scaffold/src/tests/data/largesets/windows-874/pharmacy.kku.ac.th.healthinfo-ne.xml,19707,63c4b38f483bcf2790c3411c76f9f4e4050c14ac1ec3fb832d370d53aa9cceb6
rustrepotrans__python__encoding,scaffold/src/tests/data/largesets/windows-874/trickspot.boxchart.com.xml,13027,095d19ad3b090473d8bfa5559021275d4a9a3db82e918406cad9288fd8616f50
rustrepotrans__python__encoding,scaffold/src/tests/data/largesets/x-mac-cyrillic/_ude_1.txt,1211,becee0937e700266497ef4cbe84352be0449476a9299a7fc7c18647344e3ff8c
rustrepotrans__python__encoding,scaffold/src/tests/data/largesets/x-mac-cyrillic/_ude_2.txt,3067,9bbc1cbee642e0a0d25f5a2824dcc66ef2eede8701e178bb61943f81ab5036ee
rustrepotrans__python__encoding,scaffold/src/tests/data/largesets/x-mac-cyrillic/aif.ru.health.xml,7825,159cd7b8fcf8727aa242a84a196db710904e68a652f48fb640964a2ea7f4d292
rustrepotrans__python__encoding,scaffold/src/tests/data/largesets/x-mac-cyrillic/aug32.hole.ru.xml,631,be57a831c7d042dfd892c36f8527a9fb691e0a94d3909b390dd950eccb7dc421
rustrepotrans__python__encoding,scaffold/src/tests/data/largesets/x-mac-cyrillic/aviaport.ru.xml,60037,8780ebdc0f9bf3d5dd3c727b56355e91ce29301c697ff20e02ee7842ec5fa4c6
rustrepotrans__python__encoding,scaffold/src/tests/data/largesets/x-mac-cyrillic/blog.mlmaster.com.xml,6459,4fed5a51a49e0cfc17057f9e27921a993dddb0e9e793819062fc422951d45370
rustrepotrans__python__encoding,scaffold/src/tests/data/largesets/x-mac-cyrillic/forum.template-toolkit.ru.4.xml,10740,7b8e20c5ff74585252398eb06cc88a495d5330f041542fdd8dc58365f86589e3
rustrepotrans__python__encoding,scaffold/src/tests/data/largesets/x-mac-cyrillic/forum.template-toolkit.ru.6.xml,32210,92e9f58ed962375ec1d29a8057545c24f5abe86de4927fc4f65fe558349c6095
rustrepotrans__python__encoding,scaffold/src/tests/data/largesets/x-mac-cyrillic/forum.template-toolkit.ru.8.xml,17754,19f35ff660dd5663078cce3a01b61ba403378e1dffc8a29ddf2ed37f58475599
rustrepotrans__python__encoding,scaffold/src/tests/data/largesets/x-mac-cyrillic/forum.template-toolkit.ru.9.xml,2978,e0a2a9a18c8191ab74c7833f0dcab44b5744a5ec2f5f01f4bfde9ad09d46fe46
rustrepotrans__python__encoding,scaffold/src/tests/data/largesets/x-mac-cyrillic/greek.ru.xml,2063,4c0bdb46113c4e75775091ea4bbb8a6abbf13d71353ae4d9d0989635c7d483f7
rustrepotrans__python__encoding,scaffold/src/tests/data/largesets/x-mac-cyrillic/intertat.ru.xml,585,1076aa8ef14ea451c42a13594c8a4091ed7abade21a07c49a8ae1ffac03fc51f
rustrepotrans__python__encoding,scaffold/src/tests/data/largesets/x-mac-cyrillic/kapranoff.ru.xml,7473,79f835a27f5636132e24ec3c5378cc8cc0b0c5ca9f6d5deb690b290c5f3c286f
rustrepotrans__python__encoding,scaffold/src/tests/data/largesets/x-mac-cyrillic/koi.kinder.ru.xml,3656,c831a9b1998e96e88d2cf154701c2d3088c6986b50b5cda6d9483fadc016000d
rustrepotrans__python__encoding,scaffold/src/tests/data/largesets/x-mac-cyrillic/money.rin.ru.xml,7560,cd8dfe68a8c70dcabdabc267d49c08ffc953a6deeef260818606de6db1cc5ff9
rustrepotrans__python__encoding,scaffold/src/tests/data/largesets/x-mac-cyrillic/music.peeps.ru.xml,7876,66b26cd417ee8064aaf66559b4d507a68f49ff5e4012d1b7baf57c4ae8b9f4ae
rustrepotrans__python__encoding,scaffold/src/tests/data/largesets/x-mac-cyrillic/newsru.com.xml,24109,13c865521e14ad54e5295dc3eef594fcfbadf7bea7ac2200ed7b6be0d7500b69
rustrepotrans__python__encoding,scaffold/src/tests/data/largesets/x-mac-cyrillic/susu.ac.ru.xml,1216,c230b073746ba58dde2cf2eca775f5d8d0be22381616ba7945d45e41405bf70f
rustrepotrans__python__encoding,scaffold/src/tests/data/samples/NOTICE.md,490,0cb3efcfd8f7a02a337e98dc3de4b0b57424d7208a332b26e7deb8cb94c13922
rustrepotrans__python__encoding,scaffold/src/tests/data/samples/sample-arabic-1.txt,906,00c83c71aaf34f6c17ee5ed4e6ad868fe7f281c56d96d5f88f21fc5d39203648
rustrepotrans__python__encoding,scaffold/src/tests/data/samples/sample-arabic.txt,1637,3606d50f8dbd20d80aa4470bd89e74696ceda8ec9138f9524330869eb9aafa46
rustrepotrans__python__encoding,scaffold/src/tests/data/samples/sample-bulgarian.txt,2192,49534eb86fe682fb051c8b757adfbaa08428823d30d52924b2f7d3cb4bc1f3af
rustrepotrans__python__encoding,scaffold/src/tests/data/samples/sample-chinese.txt,743,5f4aa09479ff9366936b242697680f4f0a50dcb3829fb10d855644bc035a7b7a
rustrepotrans__python__encoding,scaffold/src/tests/data/samples/sample-english.bom.txt,859,4a5850a424c075e25e86fbee489561d5869efdb42297ed08ae074238f312e818
rustrepotrans__python__encoding,scaffold/src/tests/data/samples/sample-french-1.txt,3251,6b88988aa8cfd689df08f91a25ae0ea8032cc28b4557092432849a2712fce716
rustrepotrans__python__encoding,scaffold/src/tests/data/samples/sample-french.txt,3375,ab1b0ebf22b7bd85d2a45600844c0a2c89ba6217b862a6d96b9fa46ce1e132bb
rustrepotrans__python__encoding,scaffold/src/tests/data/samples/sample-greek-2.txt,570,cf9afae3a58f28a422fa8edecf255744a8cffb559262d3b3f7dfa3e1d6f59cb4
rustrepotrans__python__encoding,scaffold/src/tests/data/samples/sample-greek.txt,570,cf9afae3a58f28a422fa8edecf255744a8cffb559262d3b3f7dfa3e1d6f59cb4
rustrepotrans__python__encoding,scaffold/src/tests/data/samples/sample-hebrew-2.txt,340,eb3a0aa5646487ee6b06c7ef8a9223a89cc2c7b920c787f982ba712d8fedf5f4
rustrepotrans__python__encoding,scaffold/src/tests/data/samples/sample-hebrew-3.txt,340,eb3a0aa5646487ee6b06c7ef8a9223a89cc2c7b920c787f982ba712d8fedf5f4
rustrepotrans__python__encoding,scaffold/src/tests/data/samples/sample-korean.txt,387,281246aaaefceb47f6bc0120b2646ebe1832d57101cc0d7bfaeedfbfed979329
rustrepotrans__python__encoding,scaffold/src/tests/data/samples/sample-polish.txt,5611,4125f729f0d29630e58480ccd432eba798dace734420f233621b9e70e39cb929
rustrepotrans__python__encoding,scaffold/src/tests/data/samples/sample-russian-2.txt,2209,2492ff4b9b15c174a998457ff02233cd1367bdfa5d7c066145f15616aaaa941a
rustrepotrans__python__encoding,scaffold/src/tests/data/samples/sample-russian-3.txt,3070,81c49a881b7175f68201edc41966016b5c0f16ddb4ac4a30407af0e4ac8b84e6
rustrepotrans__python__encoding,scaffold/src/tests/data/samples/sample-russian.txt,1211,becee0937e700266497ef4cbe84352be0449476a9299a7fc7c18647344e3ff8c
rustrepotrans__python__encoding,scaffold/src/tests/data/samples/sample-spanish.txt,7249,1615e0873a0d7d23e350ec1666a733e4528c3276448bd9a7640d232e1cd334a9
rustrepotrans__python__encoding,scaffold/src/tests/data/samples/sample-turkish.txt,1840,df265e595aac51e92faafd41afefadbd21b820d1be3eec2e35dab4213fb16fba
rustrepotrans__python__encoding,scaffold/src/tests/detection_base.rs,6360,2a3734ddf29537e349e6904c29d7b8876d41f2ec249aae5326c18c332260703c
rustrepotrans__python__encoding,scaffold/src/tests/detection_edge_case.rs,786,e81215bc2573c88db9a5d8eadc6e4715a1078a4e830f1c2245117c827e7fe634
rustrepotrans__python__encoding,scaffold/src/tests/detection_full.rs,2051,6981dff25603a0b84bead21fdb9f7d6fc398e0b2b048227ac669b684b953b785
rustrepotrans__python__encoding,scaffold/src/tests/detection_large_payload.rs,2259,b337d753c6fc0a1c798d6d36315dda629fe48268b6b6edec3029e36dd08e7cfc
rustrepotrans__python__encoding,scaffold/src/tests/entity.rs,3894,299fad481fe046106fef2954768359e55699e942260d7002a683c95da31aff50
rustrepotrans__python__encoding,scaffold/src/tests/md.rs,6670,011885bea6798f46ae46673960c13539c50fd7bc579dd569ebf246aed6dc0533
rustrepotrans__python__encoding,scaffold/src/tests/mod.rs,2255,549427116769a551a8d084ab6e7aa3e2079fb7d91968e7ea630ed62cb870ecdf
rustrepotrans__python__encoding,scaffold/src/tests/utils.rs,7590,f2c76c2c3b286abdce9f34af0ee27cfbbf1e373816c7f71fb599d06ec44d2cd1
rustrepotrans__python__encoding,scaffold/src/utils.rs,14785,14a61fd58b8299f86b60f0c738d7b34cb2840d31aa4715790c35cf3e589ff0b0
rustrepotrans__python__encoding,scaffold/tests/normalizer.rs,3705,42073ee5cb7ebf7134a574c02f979329c4283e5e6809986421c53f01bfa24a47
