manifest_index,project_id,project,tool,repetition,execution_status,terminal,returncode,attempt,started_at,ended_at,error_class,error_excerpt,source_run_dir,reservation_depth,canonical_state_present
0,crust__2dpartint,2dpartint,crust,0,completed,True,0,1,2026-08-05T17:19:29.645390Z,2026-08-05T20:50:34.385274Z,,,/opt/codeweaver-gpt-sol-comparison/runs/full/crust__2dpartint/rep0,0,True
0,crust__2dpartint,2dpartint,crust,1,completed,True,0,1,2026-08-05T18:11:25.414655Z,2026-08-05T21:59:14.772719Z,,,/opt/codeweaver-gpt-sol-comparison/runs/full/crust__2dpartint/rep1,0,True
0,crust__2dpartint,2dpartint,crust,2,failed,True,1,1,2026-08-05T18:11:25.414284Z,2026-08-05T21:22:16.220283Z,,"pipeline/burr.db [codeweaver] loaded state at startup: milestone_idx=0 history_len=0 (idx>0 => resumed, not restarted) [codeweaver] finished at terminal: done, history, milestone_idx, report, parity_complete, parity_report -> {}: done=False milestone_idx=16 M0 iter=1 passed=False M0 iter=2 passed=True M1 iter=1 passed=True M2 iter=1 passed=True M3 iter=1 passed=True M4 iter=1 passed=True M5 iter=1 passed=True M6 iter=1 passed=True M7 iter=1 passed=True M8 iter=1 passed=True M9 iter=1 passed=True M10 iter=1 passed=True M11 iter=1 passed=True M12 iter=1 passed=True M13 iter=1 passed=True M14 iter=1 passed=True M15 iter=1 passed=False M15 iter=2 passed=True M16 iter=1 passed=True",/opt/codeweaver-gpt-sol-comparison/runs/full/crust__2dpartint/rep2,0,True
1,crust__42-kocaeli-printf,42-kocaeli-printf,crust,0,completed,True,0,1,2026-08-05T18:11:25.417025Z,2026-08-05T19:03:27.155172Z,,,/opt/codeweaver-gpt-sol-comparison/runs/full/crust__42-kocaeli-printf/rep0,0,True
1,crust__42-kocaeli-printf,42-kocaeli-printf,crust,1,completed,True,0,1,2026-08-05T18:11:25.416690Z,2026-08-05T20:14:25.199676Z,,,/opt/codeweaver-gpt-sol-comparison/runs/full/crust__42-kocaeli-printf/rep1,0,True
1,crust__42-kocaeli-printf,42-kocaeli-printf,crust,2,completed,True,0,1,2026-08-05T18:11:25.419085Z,2026-08-05T19:05:46.499067Z,,,/opt/codeweaver-gpt-sol-comparison/runs/full/crust__42-kocaeli-printf/rep2,0,True
2,crust__aes128-simd,aes128-simd,crust,0,completed,True,0,1,2026-08-05T18:11:25.421831Z,2026-08-05T19:07:49.463041Z,,,/opt/codeweaver-gpt-sol-comparison/runs/full/crust__aes128-simd/rep0,0,True
2,crust__aes128-simd,aes128-simd,crust,1,completed,True,0,1,2026-08-05T18:11:25.420836Z,2026-08-05T19:16:55.525887Z,,,/opt/codeweaver-gpt-sol-comparison/runs/full/crust__aes128-simd/rep1,0,True
2,crust__aes128-simd,aes128-simd,crust,2,completed,True,0,1,2026-08-05T18:11:25.429649Z,2026-08-05T19:18:53.983314Z,,,/opt/codeweaver-gpt-sol-comparison/runs/full/crust__aes128-simd/rep2,0,True
3,crust__amp,amp,crust,0,completed,True,0,1,2026-08-05T19:03:27.196584Z,2026-08-05T19:45:31.365737Z,,,/opt/codeweaver-gpt-sol-comparison/runs/full/crust__amp/rep0,0,True
3,crust__amp,amp,crust,1,completed,True,0,1,2026-08-05T19:05:46.536195Z,2026-08-05T19:51:06.373423Z,,,/opt/codeweaver-gpt-sol-comparison/runs/full/crust__amp/rep1,0,True
3,crust__amp,amp,crust,2,completed,True,0,1,2026-08-05T19:07:49.478856Z,2026-08-05T19:57:53.385752Z,,,/opt/codeweaver-gpt-sol-comparison/runs/full/crust__amp/rep2,0,True
4,crust__approxidate,approxidate,crust,0,failed,True,1,1,2026-08-05T19:16:55.544780Z,2026-08-05T22:35:03.311451Z,,"[codeweaver] project=crust__approxidate app_id=full-crust__approxidate-rep0 mock=False db=/opt/codeweaver-gpt-sol-comparison/runs/full/crust__approxidate/rep0/pipeline/burr.db [codeweaver] loaded state at startup: milestone_idx=0 history_len=0 (idx>0 => resumed, not restarted) [codeweaver] finished at terminal: done, history, milestone_idx, report, parity_complete, parity_report -> {}: done=False milestone_idx=9 M0 iter=1 passed=False M0 iter=2 passed=True M1 iter=1 passed=True M2 iter=1 passed=True M3 iter=1 passed=True M4 iter=1 passed=True M5 iter=1 passed=True M6 iter=1 passed=True M7 iter=1 passed=True M8 iter=1 passed=True M9 iter=1 passed=True",/opt/codeweaver-gpt-sol-comparison/runs/full/crust__approxidate/rep0,0,True
4,crust__approxidate,approxidate,crust,1,failed,True,1,1,2026-08-05T19:18:53.989132Z,2026-08-05T23:12:23.339788Z,,"[codeweaver] project=crust__approxidate app_id=full-crust__approxidate-rep1 mock=False db=/opt/codeweaver-gpt-sol-comparison/runs/full/crust__approxidate/rep1/pipeline/burr.db [codeweaver] loaded state at startup: milestone_idx=0 history_len=0 (idx>0 => resumed, not restarted) [codeweaver] finished at terminal: done, history, milestone_idx, report, parity_complete, parity_report -> {}: done=False milestone_idx=10 M0 iter=1 passed=False M0 iter=2 passed=True M1 iter=1 passed=True M2 iter=1 passed=True M3 iter=1 passed=True M4 iter=1 passed=True M5 iter=1 passed=True M6 iter=1 passed=True M7 iter=1 passed=True M8 iter=1 passed=True M9 iter=1 passed=True M10 iter=1 passed=True",/opt/codeweaver-gpt-sol-comparison/runs/full/crust__approxidate/rep1,0,True
4,crust__approxidate,approxidate,crust,2,failed,True,1,1,2026-08-05T19:45:31.370510Z,2026-08-06T00:47:58.644275Z,,"/pipeline/burr.db [codeweaver] loaded state at startup: milestone_idx=0 history_len=0 (idx>0 => resumed, not restarted) [codeweaver] finished at terminal: done, history, milestone_idx, report, parity_complete, parity_report -> {}: done=False milestone_idx=15 M0 iter=1 passed=False M0 iter=2 passed=False M0 iter=3 passed=False M0 iter=4 passed=True M1 iter=1 passed=True M2 iter=1 passed=True M3 iter=1 passed=True M4 iter=1 passed=True M5 iter=1 passed=True M6 iter=1 passed=True M7 iter=1 passed=True M8 iter=1 passed=True M9 iter=1 passed=True M10 iter=1 passed=True M11 iter=1 passed=True M12 iter=1 passed=True M13 iter=1 passed=True M14 iter=1 passed=True M15 iter=1 passed=True",/opt/codeweaver-gpt-sol-comparison/runs/full/crust__approxidate/rep2,0,True
5,crust__avalanche,avalanche,crust,0,completed,True,0,1,2026-08-05T19:51:06.422947Z,2026-08-05T21:49:52.688325Z,,,/opt/codeweaver-gpt-sol-comparison/runs/full/crust__avalanche/rep0,0,True
5,crust__avalanche,avalanche,crust,1,completed,True,0,1,2026-08-05T19:57:53.389452Z,2026-08-05T20:55:39.746613Z,,,/opt/codeweaver-gpt-sol-comparison/runs/full/crust__avalanche/rep1,0,True
5,crust__avalanche,avalanche,crust,2,completed,True,0,1,2026-08-05T20:14:25.203140Z,2026-08-05T21:19:24.830921Z,,,/opt/codeweaver-gpt-sol-comparison/runs/full/crust__avalanche/rep2,0,True
6,crust__bhshell,bhshell,crust,0,failed,True,1,1,2026-08-05T20:55:39.752009Z,2026-08-06T02:01:43.996908Z,,"terminal: done, history, milestone_idx, report, parity_complete, parity_report -> {}: done=False milestone_idx=22 M0 iter=1 passed=False M0 iter=2 passed=True M1 iter=1 passed=True M2 iter=1 passed=True M3 iter=1 passed=True M4 iter=1 passed=True M5 iter=1 passed=True M6 iter=1 passed=True M7 iter=1 passed=True M8 iter=1 passed=True M9 iter=1 passed=True M10 iter=1 passed=True M11 iter=1 passed=True M12 iter=1 passed=True M13 iter=1 passed=True M14 iter=1 passed=True M15 iter=1 passed=True M16 iter=1 passed=True M17 iter=1 passed=True M18 iter=1 passed=True M19 iter=1 passed=True M20 iter=1 passed=True M21 iter=1 passed=True M22 iter=1 passed=True",/opt/codeweaver-gpt-sol-comparison/runs/full/crust__bhshell/rep0,0,True
6,crust__bhshell,bhshell,crust,1,failed,True,1,1,2026-08-05T21:19:24.836532Z,2026-08-06T02:37:41.343366Z,,"(idx>0 => resumed, not restarted) [codeweaver] finished at terminal: done, history, milestone_idx, report, parity_complete, parity_report -> {}: done=False milestone_idx=20 M0 iter=1 passed=False M0 iter=2 passed=True M1 iter=1 passed=True M2 iter=1 passed=True M3 iter=1 passed=True M4 iter=1 passed=True M5 iter=1 passed=True M6 iter=1 passed=True M7 iter=1 passed=True M8 iter=1 passed=True M9 iter=1 passed=True M10 iter=1 passed=True M11 iter=1 passed=True M12 iter=1 passed=True M13 iter=1 passed=True M14 iter=1 passed=True M15 iter=1 passed=True M16 iter=1 passed=True M17 iter=1 passed=True M18 iter=1 passed=True M19 iter=1 passed=True M20 iter=1 passed=True",/opt/codeweaver-gpt-sol-comparison/runs/full/crust__bhshell/rep1,0,True
6,crust__bhshell,bhshell,crust,2,completed,True,0,1,2026-08-05T21:22:16.226165Z,2026-08-06T01:20:10.756690Z,,,/opt/codeweaver-gpt-sol-comparison/runs/full/crust__bhshell/rep2,0,True
7,crust__bigint,bigint,crust,0,failed,True,1,1,2026-08-05T21:49:52.694821Z,2026-08-05T22:42:19.028887Z,,"[codeweaver] project=crust__bigint app_id=full-crust__bigint-rep0 mock=False db=/opt/codeweaver-gpt-sol-comparison/runs/full/crust__bigint/rep0/pipeline/burr.db [codeweaver] loaded state at startup: milestone_idx=0 history_len=0 (idx>0 => resumed, not restarted) [codeweaver] finished at terminal: done, history, milestone_idx, report, parity_complete, parity_report -> {}: done=False milestone_idx=0 M0 iter=1 passed=False M0 iter=2 passed=False M0 iter=3 passed=False M0 iter=4 passed=False M0 iter=5 passed=False",/opt/codeweaver-gpt-sol-comparison/runs/full/crust__bigint/rep0,0,True
7,crust__bigint,bigint,crust,1,failed,True,1,1,2026-08-05T21:59:14.780905Z,2026-08-05T22:43:31.244591Z,,"[codeweaver] project=crust__bigint app_id=full-crust__bigint-rep1 mock=False db=/opt/codeweaver-gpt-sol-comparison/runs/full/crust__bigint/rep1/pipeline/burr.db [codeweaver] loaded state at startup: milestone_idx=0 history_len=0 (idx>0 => resumed, not restarted) [codeweaver] finished at terminal: done, history, milestone_idx, report, parity_complete, parity_report -> {}: done=False milestone_idx=0 M0 iter=1 passed=False M0 iter=2 passed=False M0 iter=3 passed=False M0 iter=4 passed=False M0 iter=5 passed=False",/opt/codeweaver-gpt-sol-comparison/runs/full/crust__bigint/rep1,0,True
7,crust__bigint,bigint,crust,2,failed,True,1,1,2026-08-05T22:35:03.345312Z,2026-08-05T23:17:46.375166Z,,"[codeweaver] project=crust__bigint app_id=full-crust__bigint-rep2 mock=False db=/opt/codeweaver-gpt-sol-comparison/runs/full/crust__bigint/rep2/pipeline/burr.db [codeweaver] loaded state at startup: milestone_idx=0 history_len=0 (idx>0 => resumed, not restarted) [codeweaver] finished at terminal: done, history, milestone_idx, report, parity_complete, parity_report -> {}: done=False milestone_idx=0 M0 iter=1 passed=False M0 iter=2 passed=False M0 iter=3 passed=False M0 iter=4 passed=False M0 iter=5 passed=False",/opt/codeweaver-gpt-sol-comparison/runs/full/crust__bigint/rep2,0,True
8,crust__bitset,bitset,crust,0,completed,True,0,1,2026-08-05T22:42:19.052117Z,2026-08-06T00:37:44.899694Z,,,/opt/codeweaver-gpt-sol-comparison/runs/full/crust__bitset/rep0,0,True
8,crust__bitset,bitset,crust,1,failed,True,1,1,2026-08-05T22:43:31.255323Z,2026-08-05T23:28:14.540765Z,,"[codeweaver] project=crust__bitset app_id=full-crust__bitset-rep1 mock=False db=/opt/codeweaver-gpt-sol-comparison/runs/full/crust__bitset/rep1/pipeline/burr.db [codeweaver] loaded state at startup: milestone_idx=0 history_len=0 (idx>0 => resumed, not restarted) [codeweaver] finished at terminal: done, history, milestone_idx, report, parity_complete, parity_report -> {}: done=False milestone_idx=0 M0 iter=1 passed=False M0 iter=2 passed=False M0 iter=3 passed=False M0 iter=4 passed=False M0 iter=5 passed=False",/opt/codeweaver-gpt-sol-comparison/runs/full/crust__bitset/rep1,0,True
8,crust__bitset,bitset,crust,2,failed,True,1,1,2026-08-05T23:12:23.361770Z,2026-08-06T00:37:56.327520Z,,"[codeweaver] project=crust__bitset app_id=full-crust__bitset-rep2 mock=False db=/opt/codeweaver-gpt-sol-comparison/runs/full/crust__bitset/rep2/pipeline/burr.db [codeweaver] loaded state at startup: milestone_idx=0 history_len=0 (idx>0 => resumed, not restarted) [codeweaver] finished at terminal: done, history, milestone_idx, report, parity_complete, parity_report -> {}: done=False milestone_idx=0 M0 iter=1 passed=False M0 iter=2 passed=False M0 iter=3 passed=False M0 iter=4 passed=False M0 iter=5 passed=False",/opt/codeweaver-gpt-sol-comparison/runs/full/crust__bitset/rep2,0,True
9,crust__blt,blt,crust,0,failed,True,1,1,2026-08-05T23:17:46.387847Z,2026-08-06T00:51:33.277101Z,,"[codeweaver] project=crust__blt app_id=full-crust__blt-rep0 mock=False db=/opt/codeweaver-gpt-sol-comparison/runs/full/crust__blt/rep0/pipeline/burr.db [codeweaver] loaded state at startup: milestone_idx=0 history_len=0 (idx>0 => resumed, not restarted) [codeweaver] finished at terminal: done, history, milestone_idx, report, parity_complete, parity_report -> {}: done=False milestone_idx=0 M0 iter=1 passed=False M0 iter=2 passed=False M0 iter=3 passed=False M0 iter=4 passed=False M0 iter=5 passed=False",/opt/codeweaver-gpt-sol-comparison/runs/full/crust__blt/rep0,0,True
9,crust__blt,blt,crust,1,failed,True,1,1,2026-08-05T23:28:14.547010Z,2026-08-06T00:57:46.299107Z,,"[codeweaver] project=crust__blt app_id=full-crust__blt-rep1 mock=False db=/opt/codeweaver-gpt-sol-comparison/runs/full/crust__blt/rep1/pipeline/burr.db [codeweaver] loaded state at startup: milestone_idx=0 history_len=0 (idx>0 => resumed, not restarted) [codeweaver] finished at terminal: done, history, milestone_idx, report, parity_complete, parity_report -> {}: done=False milestone_idx=0 M0 iter=1 passed=False M0 iter=2 passed=False M0 iter=3 passed=False M0 iter=4 passed=False M0 iter=5 passed=False",/opt/codeweaver-gpt-sol-comparison/runs/full/crust__blt/rep1,0,True
9,crust__blt,blt,crust,2,failed,True,1,1,2026-08-06T00:37:44.933369Z,2026-08-06T01:19:23.111014Z,,"[codeweaver] project=crust__blt app_id=full-crust__blt-rep2 mock=False db=/opt/codeweaver-gpt-sol-comparison/runs/full/crust__blt/rep2/pipeline/burr.db [codeweaver] loaded state at startup: milestone_idx=0 history_len=0 (idx>0 => resumed, not restarted) [codeweaver] finished at terminal: done, history, milestone_idx, report, parity_complete, parity_report -> {}: done=False milestone_idx=0 M0 iter=1 passed=False M0 iter=2 passed=False M0 iter=3 passed=False M0 iter=4 passed=False M0 iter=5 passed=False",/opt/codeweaver-gpt-sol-comparison/runs/full/crust__blt/rep2,0,True
10,crust__bostree,bostree,crust,0,completed,True,0,3,2026-08-06T05:43:02.204385Z,2026-08-06T06:18:10.695660Z,,,/opt/codeweaver-gpt-sol-comparison/runs/full/crust__bostree/rep0,0,True
10,crust__bostree,bostree,crust,1,failed,True,1,1,2026-08-06T00:47:58.653830Z,2026-08-06T01:44:06.348474Z,,"[codeweaver] project=crust__bostree app_id=full-crust__bostree-rep1 mock=False db=/opt/codeweaver-gpt-sol-comparison/runs/full/crust__bostree/rep1/pipeline/burr.db [codeweaver] loaded state at startup: milestone_idx=0 history_len=0 (idx>0 => resumed, not restarted) [codeweaver] finished at terminal: done, history, milestone_idx, report, parity_complete, parity_report -> {}: done=False milestone_idx=0 M0 iter=1 passed=False M0 iter=2 passed=False M0 iter=3 passed=False M0 iter=4 passed=False M0 iter=5 passed=False",/opt/codeweaver-gpt-sol-comparison/runs/full/crust__bostree/rep1,0,True
10,crust__bostree,bostree,crust,2,completed,True,0,3,2026-08-06T05:43:02.204197Z,2026-08-06T09:58:32.404091Z,,,/opt/codeweaver-gpt-sol-comparison/runs/full/crust__bostree/rep2,0,True
11,crust__btree-map,btree-map,crust,0,completed,True,0,1,2026-08-06T00:57:46.307613Z,2026-08-06T02:17:14.464881Z,,,/opt/codeweaver-gpt-sol-comparison/runs/full/crust__btree-map/rep0,0,True
11,crust__btree-map,btree-map,crust,1,completed,True,0,1,2026-08-06T01:19:23.122527Z,2026-08-06T02:01:56.852004Z,,,/opt/codeweaver-gpt-sol-comparison/runs/full/crust__btree-map/rep1,0,True
11,crust__btree-map,btree-map,crust,2,completed,True,0,1,2026-08-06T01:20:10.760830Z,2026-08-06T02:59:27.734445Z,,,/opt/codeweaver-gpt-sol-comparison/runs/full/crust__btree-map/rep2,0,True
12,crust__c-aces,c-aces,crust,0,completed,True,0,1,2026-08-06T01:44:06.356513Z,2026-08-06T03:12:22.735077Z,,,/opt/codeweaver-gpt-sol-comparison/runs/full/crust__c-aces/rep0,0,True
12,crust__c-aces,c-aces,crust,1,completed,True,0,2,2026-08-06T03:38:31.476244Z,2026-08-06T04:01:30.054009Z,,,/opt/codeweaver-gpt-sol-comparison/runs/full/crust__c-aces/rep1,0,True
12,crust__c-aces,c-aces,crust,2,completed,True,0,2,2026-08-06T04:01:30.068285Z,2026-08-06T04:07:21.073866Z,,,/opt/codeweaver-gpt-sol-comparison/runs/full/crust__c-aces/rep2,0,True
13,crust__c-blind-rsa-signatures,c-blind-rsa-signatures,crust,0,completed,True,0,2,2026-08-06T04:07:21.078035Z,2026-08-06T04:27:31.765203Z,,,/opt/codeweaver-gpt-sol-comparison/runs/full/crust__c-blind-rsa-signatures/rep0,0,True
13,crust__c-blind-rsa-signatures,c-blind-rsa-signatures,crust,1,completed,True,0,3,2026-08-06T06:18:10.760973Z,2026-08-06T06:24:23.304851Z,,,/opt/codeweaver-gpt-sol-comparison/runs/full/crust__c-blind-rsa-signatures/rep1,0,True
13,crust__c-blind-rsa-signatures,c-blind-rsa-signatures,crust,2,completed,True,0,2,2026-08-06T06:24:23.310424Z,2026-08-06T07:59:29.901710Z,,,/opt/codeweaver-gpt-sol-comparison/runs/full/crust__c-blind-rsa-signatures/rep2,0,True
14,crust__c-string,c-string,crust,0,completed,True,0,2,2026-08-06T07:59:29.907012Z,2026-08-06T08:37:23.237034Z,,,/opt/codeweaver-gpt-sol-comparison/runs/full/crust__c-string/rep0,0,True
14,crust__c-string,c-string,crust,1,completed,True,0,1,2026-08-06T08:37:23.275636Z,2026-08-06T09:39:35.064848Z,,,/opt/codeweaver-gpt-sol-comparison/runs/full/crust__c-string/rep1,0,True
14,crust__c-string,c-string,crust,2,completed,True,0,1,2026-08-06T09:39:35.072802Z,2026-08-06T10:31:11.449177Z,,,/opt/codeweaver-gpt-sol-comparison/runs/full/crust__c-string/rep2,0,True
15,crust__carrays,carrays,crust,0,completed,True,0,1,2026-08-05T18:31:35.089377Z,2026-08-05T20:15:16.608691Z,,,/opt/codeweaver-gpt-sol-comparison/runs-shard4/full/crust__carrays/rep0,1,True
15,crust__carrays,carrays,crust,1,completed,True,0,1,2026-08-05T18:31:35.090376Z,2026-08-05T19:39:36.776344Z,,,/opt/codeweaver-gpt-sol-comparison/runs-shard4/full/crust__carrays/rep1,1,True
15,crust__carrays,carrays,crust,2,completed,True,0,1,2026-08-05T18:31:35.091209Z,2026-08-05T19:44:07.053787Z,,,/opt/codeweaver-gpt-sol-comparison/runs-shard4/full/crust__carrays/rep2,1,True
16,crust__cfsm,cfsm,crust,0,failed,True,1,1,2026-08-05T18:31:35.092850Z,2026-08-05T19:16:10.470500Z,,"[codeweaver] project=crust__cfsm app_id=full-crust__cfsm-rep0 mock=False db=/opt/codeweaver-gpt-sol-comparison/runs-shard4/full/crust__cfsm/rep0/pipeline/burr.db [codeweaver] loaded state at startup: milestone_idx=0 history_len=0 (idx>0 => resumed, not restarted) [codeweaver] finished at terminal: done, history, milestone_idx, report, parity_complete, parity_report -> {}: done=False milestone_idx=0 M0 iter=1 passed=False M0 iter=2 passed=False M0 iter=3 passed=False M0 iter=4 passed=False M0 iter=5 passed=False",/opt/codeweaver-gpt-sol-comparison/runs-shard4/full/crust__cfsm/rep0,1,True
16,crust__cfsm,cfsm,crust,1,failed,True,1,1,2026-08-05T18:31:35.093752Z,2026-08-05T19:16:11.507082Z,,"[codeweaver] project=crust__cfsm app_id=full-crust__cfsm-rep1 mock=False db=/opt/codeweaver-gpt-sol-comparison/runs-shard4/full/crust__cfsm/rep1/pipeline/burr.db [codeweaver] loaded state at startup: milestone_idx=0 history_len=0 (idx>0 => resumed, not restarted) [codeweaver] finished at terminal: done, history, milestone_idx, report, parity_complete, parity_report -> {}: done=False milestone_idx=0 M0 iter=1 passed=False M0 iter=2 passed=False M0 iter=3 passed=False M0 iter=4 passed=False M0 iter=5 passed=False",/opt/codeweaver-gpt-sol-comparison/runs-shard4/full/crust__cfsm/rep1,1,True
16,crust__cfsm,cfsm,crust,2,failed,True,1,1,2026-08-05T18:31:35.097315Z,2026-08-05T19:17:22.078777Z,,"[codeweaver] project=crust__cfsm app_id=full-crust__cfsm-rep2 mock=False db=/opt/codeweaver-gpt-sol-comparison/runs-shard4/full/crust__cfsm/rep2/pipeline/burr.db [codeweaver] loaded state at startup: milestone_idx=0 history_len=0 (idx>0 => resumed, not restarted) [codeweaver] finished at terminal: done, history, milestone_idx, report, parity_complete, parity_report -> {}: done=False milestone_idx=0 M0 iter=1 passed=False M0 iter=2 passed=False M0 iter=3 passed=False M0 iter=4 passed=False M0 iter=5 passed=False",/opt/codeweaver-gpt-sol-comparison/runs-shard4/full/crust__cfsm/rep2,1,True
17,crust__chtrie,chtrie,crust,0,completed,True,0,1,2026-08-05T19:16:10.480972Z,2026-08-05T20:12:49.639461Z,,,/opt/codeweaver-gpt-sol-comparison/runs-shard4/full/crust__chtrie/rep0,1,True
17,crust__chtrie,chtrie,crust,1,completed,True,0,1,2026-08-05T19:16:11.513705Z,2026-08-05T20:06:53.822143Z,,,/opt/codeweaver-gpt-sol-comparison/runs-shard4/full/crust__chtrie/rep1,1,True
17,crust__chtrie,chtrie,crust,2,completed,True,0,1,2026-08-05T19:17:22.082607Z,2026-08-05T20:12:16.808257Z,,,/opt/codeweaver-gpt-sol-comparison/runs-shard4/full/crust__chtrie/rep2,1,True
18,crust__circularbuffer,circularbuffer,crust,0,completed,True,0,1,2026-08-05T19:39:36.784002Z,2026-08-05T20:25:03.763137Z,,,/opt/codeweaver-gpt-sol-comparison/runs-shard4/full/crust__circularbuffer/rep0,1,True
18,crust__circularbuffer,circularbuffer,crust,1,completed,True,0,1,2026-08-05T19:44:07.076243Z,2026-08-05T20:35:30.141811Z,,,/opt/codeweaver-gpt-sol-comparison/runs-shard4/full/crust__circularbuffer/rep1,1,True
18,crust__circularbuffer,circularbuffer,crust,2,completed,True,0,1,2026-08-05T20:06:53.825307Z,2026-08-05T20:57:01.362368Z,,,/opt/codeweaver-gpt-sol-comparison/runs-shard4/full/crust__circularbuffer/rep2,1,True
19,crust__cissy,cissy,crust,0,completed,True,0,1,2026-08-05T20:12:16.812930Z,2026-08-05T23:04:49.199967Z,,,/opt/codeweaver-gpt-sol-comparison/runs-shard4/full/crust__cissy/rep0,1,True
19,crust__cissy,cissy,crust,1,failed,True,1,1,2026-08-05T20:12:49.642299Z,2026-08-05T21:30:12.745605Z,,"[codeweaver] project=crust__cissy app_id=full-crust__cissy-rep1 mock=False db=/opt/codeweaver-gpt-sol-comparison/runs-shard4/full/crust__cissy/rep1/pipeline/burr.db [codeweaver] loaded state at startup: milestone_idx=0 history_len=0 (idx>0 => resumed, not restarted) [codeweaver] finished at terminal: done, history, milestone_idx, report, parity_complete, parity_report -> {}: done=False milestone_idx=1 M0 iter=1 passed=False M0 iter=2 passed=False M0 iter=3 passed=False M0 iter=4 passed=False M0 iter=5 passed=True M1 iter=1 passed=False M1 iter=2 passed=False M1 iter=3 passed=False M1 iter=4 passed=False M1 iter=5 passed=False",/opt/codeweaver-gpt-sol-comparison/runs-shard4/full/crust__cissy/rep1,1,True
19,crust__cissy,cissy,crust,2,failed,True,1,1,2026-08-05T20:15:16.614014Z,2026-08-05T21:07:45.542714Z,,"[codeweaver] project=crust__cissy app_id=full-crust__cissy-rep2 mock=False db=/opt/codeweaver-gpt-sol-comparison/runs-shard4/full/crust__cissy/rep2/pipeline/burr.db [codeweaver] loaded state at startup: milestone_idx=0 history_len=0 (idx>0 => resumed, not restarted) [codeweaver] finished at terminal: done, history, milestone_idx, report, parity_complete, parity_report -> {}: done=False milestone_idx=0 M0 iter=1 passed=False M0 iter=2 passed=False M0 iter=3 passed=False M0 iter=4 passed=False M0 iter=5 passed=False",/opt/codeweaver-gpt-sol-comparison/runs-shard4/full/crust__cissy/rep2,1,True
20,crust__cjson,cjson,crust,0,completed,True,0,1,2026-08-05T20:25:03.767034Z,2026-08-05T21:30:04.022928Z,,,/opt/codeweaver-gpt-sol-comparison/runs-shard4/full/crust__cjson/rep0,1,True
20,crust__cjson,cjson,crust,1,completed,True,0,1,2026-08-05T20:35:30.147521Z,2026-08-05T22:07:29.368521Z,,,/opt/codeweaver-gpt-sol-comparison/runs-shard4/full/crust__cjson/rep1,1,True
20,crust__cjson,cjson,crust,2,completed,True,0,1,2026-08-05T20:57:01.368001Z,2026-08-05T21:58:10.387784Z,,,/opt/codeweaver-gpt-sol-comparison/runs-shard4/full/crust__cjson/rep2,1,True
21,crust__clhash,clhash,crust,0,completed,True,0,1,2026-08-05T21:07:45.548719Z,2026-08-05T22:57:53.466901Z,,,/opt/codeweaver-gpt-sol-comparison/runs-shard4/full/crust__clhash/rep0,1,True
21,crust__clhash,clhash,crust,1,completed,True,0,1,2026-08-05T21:30:04.030748Z,2026-08-05T22:47:26.574113Z,,,/opt/codeweaver-gpt-sol-comparison/runs-shard4/full/crust__clhash/rep1,1,True
21,crust__clhash,clhash,crust,2,completed,True,0,1,2026-08-05T21:30:12.749666Z,2026-08-05T23:32:37.995048Z,,,/opt/codeweaver-gpt-sol-comparison/runs-shard4/full/crust__clhash/rep2,1,True
22,crust__clog,clog,crust,0,failed,True,1,1,2026-08-05T21:58:10.394179Z,2026-08-05T22:51:52.478253Z,,"[codeweaver] project=crust__clog app_id=full-crust__clog-rep0 mock=False db=/opt/codeweaver-gpt-sol-comparison/runs-shard4/full/crust__clog/rep0/pipeline/burr.db [codeweaver] loaded state at startup: milestone_idx=0 history_len=0 (idx>0 => resumed, not restarted) [codeweaver] finished at terminal: done, history, milestone_idx, report, parity_complete, parity_report -> {}: done=False milestone_idx=0 M0 iter=1 passed=False M0 iter=2 passed=False M0 iter=3 passed=False M0 iter=4 passed=False M0 iter=5 passed=False",/opt/codeweaver-gpt-sol-comparison/runs-shard4/full/crust__clog/rep0,1,True
22,crust__clog,clog,crust,1,failed,True,1,1,2026-08-05T22:07:29.376628Z,2026-08-06T02:07:28.425822Z,,"] loaded state at startup: milestone_idx=0 history_len=0 (idx>0 => resumed, not restarted) [codeweaver] finished at terminal: done, history, milestone_idx, report, parity_complete, parity_report -> {}: done=False milestone_idx=9 M0 iter=1 passed=False M0 iter=2 passed=False M0 iter=3 passed=False M0 iter=4 passed=False M0 iter=5 passed=True M1 iter=1 passed=True M2 iter=1 passed=True M3 iter=1 passed=True M4 iter=1 passed=True M5 iter=1 passed=True M6 iter=1 passed=True M7 iter=1 passed=True M8 iter=1 passed=False M8 iter=2 passed=False M8 iter=3 passed=True M9 iter=1 passed=False M9 iter=2 passed=False M9 iter=3 passed=False M9 iter=4 passed=False M9 iter=5 passed=False",/opt/codeweaver-gpt-sol-comparison/runs-shard4/full/crust__clog/rep1,1,True
22,crust__clog,clog,crust,2,failed,True,1,1,2026-08-05T22:47:26.593500Z,2026-08-05T23:41:11.207861Z,,"[codeweaver] project=crust__clog app_id=full-crust__clog-rep2 mock=False db=/opt/codeweaver-gpt-sol-comparison/runs-shard4/full/crust__clog/rep2/pipeline/burr.db [codeweaver] loaded state at startup: milestone_idx=0 history_len=0 (idx>0 => resumed, not restarted) [codeweaver] finished at terminal: done, history, milestone_idx, report, parity_complete, parity_report -> {}: done=False milestone_idx=0 M0 iter=1 passed=False M0 iter=2 passed=False M0 iter=3 passed=False M0 iter=4 passed=False M0 iter=5 passed=False",/opt/codeweaver-gpt-sol-comparison/runs-shard4/full/crust__clog/rep2,1,True
23,crust__coroutine,coroutine,crust,0,completed,True,0,1,2026-08-05T22:51:52.501168Z,2026-08-06T01:07:26.246660Z,,,/opt/codeweaver-gpt-sol-comparison/runs-shard4/full/crust__coroutine/rep0,1,True
23,crust__coroutine,coroutine,crust,1,completed,True,0,1,2026-08-05T22:57:53.479556Z,2026-08-06T01:05:53.018185Z,,,/opt/codeweaver-gpt-sol-comparison/runs-shard4/full/crust__coroutine/rep1,1,True
23,crust__coroutine,coroutine,crust,2,completed,True,0,1,2026-08-05T23:04:49.208867Z,2026-08-06T01:06:58.908396Z,,,/opt/codeweaver-gpt-sol-comparison/runs-shard4/full/crust__coroutine/rep2,1,True
24,crust__cset,cset,crust,0,completed,True,0,1,2026-08-05T23:32:38.007717Z,2026-08-06T01:43:44.293317Z,,,/opt/codeweaver-gpt-sol-comparison/runs-shard4/full/crust__cset/rep0,1,True
24,crust__cset,cset,crust,1,completed,True,0,1,2026-08-05T23:41:11.241664Z,2026-08-06T01:38:46.405221Z,,,/opt/codeweaver-gpt-sol-comparison/runs-shard4/full/crust__cset/rep1,1,True
24,crust__cset,cset,crust,2,completed,True,0,1,2026-08-06T01:05:53.026647Z,2026-08-06T02:46:19.393804Z,,,/opt/codeweaver-gpt-sol-comparison/runs-shard4/full/crust__cset/rep2,1,True
25,crust__csyncmers,csyncmers,crust,0,completed,True,0,1,2026-08-06T01:06:58.919878Z,2026-08-06T01:43:26.247266Z,,,/opt/codeweaver-gpt-sol-comparison/runs-shard4/full/crust__csyncmers/rep0,1,True
25,crust__csyncmers,csyncmers,crust,1,completed,True,0,1,2026-08-06T01:07:26.249329Z,2026-08-06T01:49:05.228898Z,,,/opt/codeweaver-gpt-sol-comparison/runs-shard4/full/crust__csyncmers/rep1,1,True
25,crust__csyncmers,csyncmers,crust,2,completed,True,0,1,2026-08-06T01:38:46.414164Z,2026-08-06T02:18:31.647629Z,,,/opt/codeweaver-gpt-sol-comparison/runs-shard4/full/crust__csyncmers/rep2,1,True
26,crust__dict,dict,crust,0,completed,True,0,2,2026-08-06T03:38:31.463961Z,2026-08-06T04:00:20.515738Z,,,/opt/codeweaver-gpt-sol-comparison/runs-shard4/full/crust__dict/rep0,1,True
26,crust__dict,dict,crust,1,completed,True,0,1,2026-08-06T01:43:44.298831Z,2026-08-06T03:03:44.976786Z,,,/opt/codeweaver-gpt-sol-comparison/runs-shard4/full/crust__dict/rep1,1,True
26,crust__dict,dict,crust,2,completed,True,0,1,2026-08-06T01:49:05.239164Z,2026-08-06T03:20:19.549341Z,,,/opt/codeweaver-gpt-sol-comparison/runs-shard4/full/crust__dict/rep2,1,True
27,crust__emlang,emlang,crust,0,failed,True,1,1,2026-08-06T02:07:28.433664Z,2026-08-06T02:52:48.604433Z,,"[codeweaver] project=crust__emlang app_id=full-crust__emlang-rep0 mock=False db=/opt/codeweaver-gpt-sol-comparison/runs-shard4/full/crust__emlang/rep0/pipeline/burr.db [codeweaver] loaded state at startup: milestone_idx=0 history_len=0 (idx>0 => resumed, not restarted) [codeweaver] finished at terminal: done, history, milestone_idx, report, parity_complete, parity_report -> {}: done=False milestone_idx=0 M0 iter=1 passed=False M0 iter=2 passed=False M0 iter=3 passed=False M0 iter=4 passed=False M0 iter=5 passed=False",/opt/codeweaver-gpt-sol-comparison/runs-shard4/full/crust__emlang/rep0,1,True
27,crust__emlang,emlang,crust,1,failed,True,1,1,2026-08-06T02:18:31.651934Z,2026-08-06T03:07:14.751190Z,,"[codeweaver] project=crust__emlang app_id=full-crust__emlang-rep1 mock=False db=/opt/codeweaver-gpt-sol-comparison/runs-shard4/full/crust__emlang/rep1/pipeline/burr.db [codeweaver] loaded state at startup: milestone_idx=0 history_len=0 (idx>0 => resumed, not restarted) [codeweaver] finished at terminal: done, history, milestone_idx, report, parity_complete, parity_report -> {}: done=False milestone_idx=0 M0 iter=1 passed=False M0 iter=2 passed=False M0 iter=3 passed=False M0 iter=4 passed=False M0 iter=5 passed=False",/opt/codeweaver-gpt-sol-comparison/runs-shard4/full/crust__emlang/rep1,1,True
27,crust__emlang,emlang,crust,2,failed,True,1,2,2026-08-06T03:38:31.465887Z,2026-08-06T03:47:20.405444Z,,"[codeweaver] project=crust__emlang app_id=full-crust__emlang-rep2 mock=False db=/opt/codeweaver-gpt-sol-comparison/runs-shard4/full/crust__emlang/rep2/pipeline/burr.db [codeweaver] loaded state at startup: milestone_idx=0 history_len=3 (idx>0 => resumed, not restarted) [codeweaver] finished at terminal: done, history, milestone_idx, report, parity_complete, parity_report -> {}: done=False milestone_idx=0 M0 iter=1 passed=False M0 iter=2 passed=False M0 iter=3 passed=False M0 iter=4 passed=False M0 iter=5 passed=False",/opt/codeweaver-gpt-sol-comparison/runs-shard4/full/crust__emlang/rep2,1,True
28,crust__expr,expr,crust,0,completed,True,0,2,2026-08-06T03:47:20.409196Z,2026-08-06T04:50:07.147059Z,,,/opt/codeweaver-gpt-sol-comparison/runs-shard4/full/crust__expr/rep0,1,True
28,crust__expr,expr,crust,1,failed,True,1,3,2026-08-06T05:43:02.188176Z,2026-08-06T06:00:59.011288Z,,"[codeweaver] project=crust__expr app_id=full-crust__expr-rep1 mock=False db=/opt/codeweaver-gpt-sol-comparison/runs-shard4/full/crust__expr/rep1/pipeline/burr.db [codeweaver] loaded state at startup: milestone_idx=10 history_len=12 (idx>0 => resumed, not restarted) [codeweaver] finished at terminal: done, history, milestone_idx, report, parity_complete, parity_report -> {}: done=False milestone_idx=11 M0 iter=1 passed=False M0 iter=2 passed=True M1 iter=1 passed=True M2 iter=1 passed=True M3 iter=1 passed=True M4 iter=1 passed=True M5 iter=1 passed=True M6 iter=1 passed=True M7 iter=1 passed=True M8 iter=1 passed=True M9 iter=1 passed=True M10 iter=1 passed=True M11 iter=1 passed=True",/opt/codeweaver-gpt-sol-comparison/runs-shard4/full/crust__expr/rep1,1,True
28,crust__expr,expr,crust,2,completed,True,0,3,2026-08-06T06:00:59.014483Z,2026-08-06T07:10:32.487044Z,,,/opt/codeweaver-gpt-sol-comparison/runs-shard4/full/crust__expr/rep2,1,True
29,crust__fasthamming,fasthamming,crust,0,completed,True,0,2,2026-08-06T07:10:32.527570Z,2026-08-06T08:03:05.015209Z,,,/opt/codeweaver-gpt-sol-comparison/runs-shard4/full/crust__fasthamming/rep0,1,True
29,crust__fasthamming,fasthamming,crust,1,completed,True,0,1,2026-08-06T08:03:05.052180Z,2026-08-06T08:46:05.463008Z,,,/opt/codeweaver-gpt-sol-comparison/runs-shard4/full/crust__fasthamming/rep1,1,True
29,crust__fasthamming,fasthamming,crust,2,completed,True,0,1,2026-08-06T08:46:05.465942Z,2026-08-06T09:36:01.401102Z,,,/opt/codeweaver-gpt-sol-comparison/runs-shard4/full/crust__fasthamming/rep2,1,True
30,crust__fft,fft,crust,0,completed,True,0,1,2026-08-05T18:26:34.839444Z,2026-08-05T19:21:56.906849Z,,,/opt/codeweaver-gpt-sol-comparison/runs-shard3/full/crust__fft/rep0,1,True
30,crust__fft,fft,crust,1,completed,True,0,1,2026-08-05T18:26:34.840690Z,2026-08-05T19:12:31.703359Z,,,/opt/codeweaver-gpt-sol-comparison/runs-shard3/full/crust__fft/rep1,1,True
30,crust__fft,fft,crust,2,completed,True,0,1,2026-08-05T18:26:34.842340Z,2026-08-05T19:13:47.478043Z,,,/opt/codeweaver-gpt-sol-comparison/runs-shard3/full/crust__fft/rep2,1,True
31,crust__file2str,file2str,crust,0,completed,True,0,1,2026-08-05T18:26:34.846374Z,2026-08-05T19:28:05.560290Z,,,/opt/codeweaver-gpt-sol-comparison/runs-shard3/full/crust__file2str/rep0,1,True
31,crust__file2str,file2str,crust,1,completed,True,0,1,2026-08-05T18:26:34.858571Z,2026-08-05T18:58:43.230640Z,,,/opt/codeweaver-gpt-sol-comparison/runs-shard3/full/crust__file2str/rep1,1,True
31,crust__file2str,file2str,crust,2,completed,True,0,1,2026-08-05T18:26:34.862982Z,2026-08-05T19:33:49.654665Z,,,/opt/codeweaver-gpt-sol-comparison/runs-shard3/full/crust__file2str/rep2,1,True
32,crust__fleur,fleur,crust,0,completed,True,0,1,2026-08-05T18:58:43.252181Z,2026-08-05T20:10:54.139684Z,,,/opt/codeweaver-gpt-sol-comparison/runs-shard3/full/crust__fleur/rep0,1,True
32,crust__fleur,fleur,crust,1,completed,True,0,1,2026-08-05T19:12:31.733079Z,2026-08-05T20:58:33.122516Z,,,/opt/codeweaver-gpt-sol-comparison/runs-shard3/full/crust__fleur/rep1,1,True
32,crust__fleur,fleur,crust,2,completed,True,0,1,2026-08-05T19:13:47.527374Z,2026-08-05T20:39:46.203117Z,,,/opt/codeweaver-gpt-sol-comparison/runs-shard3/full/crust__fleur/rep2,1,True
33,crust__fs_c,fs_c,crust,0,completed,True,0,1,2026-08-05T19:21:56.913386Z,2026-08-05T20:56:02.210847Z,,,/opt/codeweaver-gpt-sol-comparison/runs-shard3/full/crust__fs_c/rep0,1,True
33,crust__fs_c,fs_c,crust,1,failed,True,1,1,2026-08-05T19:28:05.573602Z,2026-08-05T20:16:18.556370Z,,"[codeweaver] project=crust__fs_c app_id=full-crust__fs_c-rep1 mock=False db=/opt/codeweaver-gpt-sol-comparison/runs-shard3/full/crust__fs_c/rep1/pipeline/burr.db [codeweaver] loaded state at startup: milestone_idx=0 history_len=0 (idx>0 => resumed, not restarted) [codeweaver] finished at terminal: done, history, milestone_idx, report, parity_complete, parity_report -> {}: done=False milestone_idx=0 M0 iter=1 passed=False M0 iter=2 passed=False M0 iter=3 passed=False M0 iter=4 passed=False M0 iter=5 passed=False",/opt/codeweaver-gpt-sol-comparison/runs-shard3/full/crust__fs_c/rep1,1,True
33,crust__fs_c,fs_c,crust,2,completed,True,0,1,2026-08-05T19:33:49.666129Z,2026-08-05T21:39:40.442140Z,,,/opt/codeweaver-gpt-sol-comparison/runs-shard3/full/crust__fs_c/rep2,1,True
34,crust__fslib,fslib,crust,0,failed,True,1,1,2026-08-05T20:10:54.143485Z,2026-08-05T21:12:30.095142Z,,"[codeweaver] project=crust__fslib app_id=full-crust__fslib-rep0 mock=False db=/opt/codeweaver-gpt-sol-comparison/runs-shard3/full/crust__fslib/rep0/pipeline/burr.db [codeweaver] loaded state at startup: milestone_idx=0 history_len=0 (idx>0 => resumed, not restarted) [codeweaver] finished at terminal: done, history, milestone_idx, report, parity_complete, parity_report -> {}: done=False milestone_idx=0 M0 iter=1 passed=False M0 iter=2 passed=False M0 iter=3 passed=False M0 iter=4 passed=False M0 iter=5 passed=False",/opt/codeweaver-gpt-sol-comparison/runs-shard3/full/crust__fslib/rep0,1,True
34,crust__fslib,fslib,crust,1,failed,True,1,1,2026-08-05T20:16:18.559594Z,2026-08-05T21:15:35.543719Z,,"[codeweaver] project=crust__fslib app_id=full-crust__fslib-rep1 mock=False db=/opt/codeweaver-gpt-sol-comparison/runs-shard3/full/crust__fslib/rep1/pipeline/burr.db [codeweaver] loaded state at startup: milestone_idx=0 history_len=0 (idx>0 => resumed, not restarted) [codeweaver] finished at terminal: done, history, milestone_idx, report, parity_complete, parity_report -> {}: done=False milestone_idx=0 M0 iter=1 passed=False M0 iter=2 passed=False M0 iter=3 passed=False M0 iter=4 passed=False M0 iter=5 passed=False",/opt/codeweaver-gpt-sol-comparison/runs-shard3/full/crust__fslib/rep1,1,True
34,crust__fslib,fslib,crust,2,failed,True,1,1,2026-08-05T20:39:46.207261Z,2026-08-05T21:30:32.982852Z,,"[codeweaver] project=crust__fslib app_id=full-crust__fslib-rep2 mock=False db=/opt/codeweaver-gpt-sol-comparison/runs-shard3/full/crust__fslib/rep2/pipeline/burr.db [codeweaver] loaded state at startup: milestone_idx=0 history_len=0 (idx>0 => resumed, not restarted) [codeweaver] finished at terminal: done, history, milestone_idx, report, parity_complete, parity_report -> {}: done=False milestone_idx=0 M0 iter=1 passed=False M0 iter=2 passed=False M0 iter=3 passed=False M0 iter=4 passed=False M0 iter=5 passed=False",/opt/codeweaver-gpt-sol-comparison/runs-shard3/full/crust__fslib/rep2,1,True
35,crust__genetic-neural-network-for-simple-control,genetic-neural-network-for-simple-control,crust,0,failed,True,1,1,2026-08-05T20:56:02.215586Z,2026-08-05T21:49:19.203154Z,,"[codeweaver] project=crust__genetic-neural-network-for-simple-control app_id=full-crust__genetic-neural-network-for-simple-control-rep0 mock=False db=/opt/codeweaver-gpt-sol-comparison/runs-shard3/full/crust__genetic-neural-network-for-simple-control/rep0/pipeline/burr.db [codeweaver] loaded state at startup: milestone_idx=0 history_len=0 (idx>0 => resumed, not restarted) [codeweaver] finished at terminal: done, history, milestone_idx, report, parity_complete, parity_report -> {}: done=False milestone_idx=0 M0 iter=1 passed=False M0 iter=2 passed=False M0 iter=3 passed=False M0 iter=4 passed=False M0 iter=5 passed=False",/opt/codeweaver-gpt-sol-comparison/runs-shard3/full/crust__genetic-neural-network-for-simple-control/rep0,1,True
35,crust__genetic-neural-network-for-simple-control,genetic-neural-network-for-simple-control,crust,1,completed,True,0,2,2026-08-06T03:38:31.456208Z,2026-08-06T05:20:13.620478Z,,,/opt/codeweaver-gpt-sol-comparison/runs-shard3/full/crust__genetic-neural-network-for-simple-control/rep1,1,True
35,crust__genetic-neural-network-for-simple-control,genetic-neural-network-for-simple-control,crust,2,failed,True,1,1,2026-08-05T21:12:30.103321Z,2026-08-05T22:18:58.232436Z,,"[codeweaver] project=crust__genetic-neural-network-for-simple-control app_id=full-crust__genetic-neural-network-for-simple-control-rep2 mock=False db=/opt/codeweaver-gpt-sol-comparison/runs-shard3/full/crust__genetic-neural-network-for-simple-control/rep2/pipeline/burr.db [codeweaver] loaded state at startup: milestone_idx=0 history_len=0 (idx>0 => resumed, not restarted) [codeweaver] finished at terminal: done, history, milestone_idx, report, parity_complete, parity_report -> {}: done=False milestone_idx=0 M0 iter=1 passed=False M0 iter=2 passed=False M0 iter=3 passed=False M0 iter=4 passed=False M0 iter=5 passed=False",/opt/codeweaver-gpt-sol-comparison/runs-shard3/full/crust__genetic-neural-network-for-simple-control/rep2,1,True
36,crust__geofence,geofence,crust,0,completed,True,0,1,2026-08-05T21:15:35.549627Z,2026-08-05T21:45:37.475930Z,,,/opt/codeweaver-gpt-sol-comparison/runs-shard3/full/crust__geofence/rep0,1,True
36,crust__geofence,geofence,crust,1,completed,True,0,1,2026-08-05T21:30:32.987417Z,2026-08-05T22:00:34.063626Z,,,/opt/codeweaver-gpt-sol-comparison/runs-shard3/full/crust__geofence/rep1,1,True
36,crust__geofence,geofence,crust,2,completed,True,0,1,2026-08-05T21:39:40.447976Z,2026-08-05T22:07:11.904437Z,,,/opt/codeweaver-gpt-sol-comparison/runs-shard3/full/crust__geofence/rep2,1,True
37,crust__gfc,gfc,crust,0,completed,True,0,1,2026-08-05T21:45:37.481820Z,2026-08-05T22:24:29.253063Z,,,/opt/codeweaver-gpt-sol-comparison/runs-shard3/full/crust__gfc/rep0,1,True
37,crust__gfc,gfc,crust,1,completed,True,0,1,2026-08-05T21:49:19.220057Z,2026-08-05T22:55:02.846603Z,,,/opt/codeweaver-gpt-sol-comparison/runs-shard3/full/crust__gfc/rep1,1,True
37,crust__gfc,gfc,crust,2,completed,True,0,1,2026-08-05T22:00:34.078531Z,2026-08-05T22:49:50.937698Z,,,/opt/codeweaver-gpt-sol-comparison/runs-shard3/full/crust__gfc/rep2,1,True
38,crust__gorilla-paper-encode,gorilla-paper-encode,crust,0,completed,True,0,1,2026-08-05T22:07:11.917094Z,2026-08-06T00:40:36.057603Z,,,/opt/codeweaver-gpt-sol-comparison/runs-shard3/full/crust__gorilla-paper-encode/rep0,1,True
38,crust__gorilla-paper-encode,gorilla-paper-encode,crust,1,failed,True,1,1,2026-08-05T22:18:58.241828Z,2026-08-06T01:45:05.695792Z,,"e app_id=full-crust__gorilla-paper-encode-rep1 mock=False db=/opt/codeweaver-gpt-sol-comparison/runs-shard3/full/crust__gorilla-paper-encode/rep1/pipeline/burr.db [codeweaver] loaded state at startup: milestone_idx=0 history_len=0 (idx>0 => resumed, not restarted) [codeweaver] finished at terminal: done, history, milestone_idx, report, parity_complete, parity_report -> {}: done=False milestone_idx=11 M0 iter=1 passed=False M0 iter=2 passed=False M0 iter=3 passed=True M1 iter=1 passed=True M2 iter=1 passed=True M3 iter=1 passed=True M4 iter=1 passed=True M5 iter=1 passed=True M6 iter=1 passed=True M7 iter=1 passed=True M8 iter=1 passed=True M9 iter=1 passed=True M10 iter=1 passed=True M11 iter=1 passed=True",/opt/codeweaver-gpt-sol-comparison/runs-shard3/full/crust__gorilla-paper-encode/rep1,1,True
38,crust__gorilla-paper-encode,gorilla-paper-encode,crust,2,completed,True,0,1,2026-08-05T22:24:29.275024Z,2026-08-06T00:40:02.276137Z,,,/opt/codeweaver-gpt-sol-comparison/runs-shard3/full/crust__gorilla-paper-encode/rep2,1,True
39,crust__graph-recogniser,graph-recogniser,crust,0,completed,True,0,1,2026-08-05T22:49:50.947309Z,2026-08-06T00:42:44.591036Z,,,/opt/codeweaver-gpt-sol-comparison/runs-shard3/full/crust__graph-recogniser/rep0,1,True
39,crust__graph-recogniser,graph-recogniser,crust,1,completed,True,0,1,2026-08-05T22:55:02.863591Z,2026-08-06T00:54:29.032692Z,,,/opt/codeweaver-gpt-sol-comparison/runs-shard3/full/crust__graph-recogniser/rep1,1,True
39,crust__graph-recogniser,graph-recogniser,crust,2,completed,True,0,1,2026-08-06T00:40:02.297833Z,2026-08-06T02:32:05.139766Z,,,/opt/codeweaver-gpt-sol-comparison/runs-shard3/full/crust__graph-recogniser/rep2,1,True
40,crust__hamta,hamta,crust,0,failed,True,1,2,2026-08-06T03:38:31.459370Z,2026-08-06T04:08:03.041885Z,,"[codeweaver] project=crust__hamta app_id=full-crust__hamta-rep0 mock=False db=/opt/codeweaver-gpt-sol-comparison/runs-shard3/full/crust__hamta/rep0/pipeline/burr.db [codeweaver] loaded state at startup: milestone_idx=8 history_len=10 (idx>0 => resumed, not restarted) [codeweaver] finished at terminal: done, history, milestone_idx, report, parity_complete, parity_report -> {}: done=False milestone_idx=10 M0 iter=1 passed=False M0 iter=2 passed=False M0 iter=3 passed=True M1 iter=1 passed=True M2 iter=1 passed=True M3 iter=1 passed=True M4 iter=1 passed=True M5 iter=1 passed=True M6 iter=1 passed=True M7 iter=1 passed=True M8 iter=1 passed=True M9 iter=1 passed=True M10 iter=1 passed=True",/opt/codeweaver-gpt-sol-comparison/runs-shard3/full/crust__hamta/rep0,1,True
40,crust__hamta,hamta,crust,1,completed,True,0,1,2026-08-06T00:42:44.604815Z,2026-08-06T01:55:01.501933Z,,,/opt/codeweaver-gpt-sol-comparison/runs-shard3/full/crust__hamta/rep1,1,True
40,crust__hamta,hamta,crust,2,completed,True,0,2,2026-08-06T04:08:03.051699Z,2026-08-06T04:30:10.659471Z,,,/opt/codeweaver-gpt-sol-comparison/runs-shard3/full/crust__hamta/rep2,1,True
41,crust__holdem-odds,holdem-odds,crust,0,failed,True,1,1,2026-08-06T01:45:05.701447Z,2026-08-06T02:21:47.115532Z,,"[codeweaver] project=crust__holdem-odds app_id=full-crust__holdem-odds-rep0 mock=False db=/opt/codeweaver-gpt-sol-comparison/runs-shard3/full/crust__holdem-odds/rep0/pipeline/burr.db [codeweaver] loaded state at startup: milestone_idx=0 history_len=0 (idx>0 => resumed, not restarted) [codeweaver] finished at terminal: done, history, milestone_idx, report, parity_complete, parity_report -> {}: done=False milestone_idx=0 M0 iter=1 passed=False M0 iter=2 passed=False M0 iter=3 passed=False M0 iter=4 passed=False M0 iter=5 passed=False",/opt/codeweaver-gpt-sol-comparison/runs-shard3/full/crust__holdem-odds/rep0,1,True
41,crust__holdem-odds,holdem-odds,crust,1,failed,True,1,2,2026-08-06T04:30:10.662951Z,2026-08-06T05:08:04.980793Z,,"False db=/opt/codeweaver-gpt-sol-comparison/runs-shard3/full/crust__holdem-odds/rep1/pipeline/burr.db [codeweaver] loaded state at startup: milestone_idx=6 history_len=11 (idx>0 => resumed, not restarted) [codeweaver] finished at terminal: done, history, milestone_idx, report, parity_complete, parity_report -> {}: done=False milestone_idx=7 M0 iter=1 passed=True M1 iter=1 passed=True M2 iter=1 passed=True M3 iter=1 passed=False M3 iter=2 passed=False M3 iter=3 passed=False M3 iter=4 passed=False M3 iter=5 passed=True M4 iter=1 passed=True M5 iter=1 passed=True M6 iter=1 passed=True M7 iter=1 passed=False M7 iter=2 passed=False M7 iter=3 passed=False M7 iter=4 passed=False M7 iter=5 passed=False",/opt/codeweaver-gpt-sol-comparison/runs-shard3/full/crust__holdem-odds/rep1,1,True
41,crust__holdem-odds,holdem-odds,crust,2,failed,True,1,1,2026-08-06T02:21:47.120487Z,2026-08-06T03:00:59.542865Z,,"[codeweaver] project=crust__holdem-odds app_id=full-crust__holdem-odds-rep2 mock=False db=/opt/codeweaver-gpt-sol-comparison/runs-shard3/full/crust__holdem-odds/rep2/pipeline/burr.db [codeweaver] loaded state at startup: milestone_idx=0 history_len=0 (idx>0 => resumed, not restarted) [codeweaver] finished at terminal: done, history, milestone_idx, report, parity_complete, parity_report -> {}: done=False milestone_idx=0 M0 iter=1 passed=False M0 iter=2 passed=False M0 iter=3 passed=False M0 iter=4 passed=False M0 iter=5 passed=False",/opt/codeweaver-gpt-sol-comparison/runs-shard3/full/crust__holdem-odds/rep2,1,True
42,crust__hydra,hydra,crust,0,completed,True,0,3,2026-08-06T05:43:02.188780Z,2026-08-06T05:55:06.551374Z,,,/opt/codeweaver-gpt-sol-comparison/runs-shard3/full/crust__hydra/rep0,1,True
42,crust__hydra,hydra,crust,1,completed,True,0,3,2026-08-06T05:55:06.554594Z,2026-08-06T06:39:39.925339Z,,,/opt/codeweaver-gpt-sol-comparison/runs-shard3/full/crust__hydra/rep1,1,True
42,crust__hydra,hydra,crust,2,completed,True,0,1,2026-08-06T06:39:40.013050Z,2026-08-06T07:56:29.179619Z,,,/opt/codeweaver-gpt-sol-comparison/runs-shard3/full/crust__hydra/rep2,1,True
43,crust__impcheck,impcheck,crust,0,completed,True,0,1,2026-08-06T07:56:29.184533Z,2026-08-06T11:53:00.162934Z,,,/opt/codeweaver-gpt-sol-comparison/runs-shard3/full/crust__impcheck/rep0,1,True
43,crust__impcheck,impcheck,crust,1,failed,True,1,1,2026-08-06T11:53:00.193535Z,2026-08-06T16:21:45.789663Z,,"/pipeline/burr.db [codeweaver] loaded state at startup: milestone_idx=0 history_len=0 (idx>0 => resumed, not restarted) [codeweaver] finished at terminal: done, history, milestone_idx, report, parity_complete, parity_report -> {}: done=False milestone_idx=17 M0 iter=1 passed=False M0 iter=2 passed=True M1 iter=1 passed=True M2 iter=1 passed=True M3 iter=1 passed=True M4 iter=1 passed=True M5 iter=1 passed=True M6 iter=1 passed=True M7 iter=1 passed=True M8 iter=1 passed=True M9 iter=1 passed=True M10 iter=1 passed=True M11 iter=1 passed=True M12 iter=1 passed=True M13 iter=1 passed=True M14 iter=1 passed=True M15 iter=1 passed=True M16 iter=1 passed=True M17 iter=1 passed=True",/opt/codeweaver-gpt-sol-comparison/runs-shard3/full/crust__impcheck/rep1,1,True
43,crust__impcheck,impcheck,crust,2,completed,True,0,1,2026-08-06T16:21:45.793584Z,2026-08-06T19:20:21.062137Z,,,/opt/codeweaver-gpt-sol-comparison/runs-shard3/full/crust__impcheck/rep2,1,True
44,crust__inversion_list,inversion_list,crust,0,failed,True,1,1,2026-08-06T19:20:21.066650Z,2026-08-06T19:55:00.703034Z,,"[codeweaver] project=crust__inversion_list app_id=full-crust__inversion_list-rep0 mock=False db=/opt/codeweaver-gpt-sol-comparison/runs-shard3/full/crust__inversion_list/rep0/pipeline/burr.db [codeweaver] loaded state at startup: milestone_idx=0 history_len=0 (idx>0 => resumed, not restarted) [codeweaver] finished at terminal: done, history, milestone_idx, report, parity_complete, parity_report -> {}: done=False milestone_idx=0 M0 iter=1 passed=False M0 iter=2 passed=False M0 iter=3 passed=False M0 iter=4 passed=False M0 iter=5 passed=False",/opt/codeweaver-gpt-sol-comparison/runs-shard3/full/crust__inversion_list/rep0,1,True
44,crust__inversion_list,inversion_list,crust,1,failed,True,1,1,2026-08-06T19:55:00.710729Z,2026-08-06T20:31:42.294924Z,,"[codeweaver] project=crust__inversion_list app_id=full-crust__inversion_list-rep1 mock=False db=/opt/codeweaver-gpt-sol-comparison/runs-shard3/full/crust__inversion_list/rep1/pipeline/burr.db [codeweaver] loaded state at startup: milestone_idx=0 history_len=0 (idx>0 => resumed, not restarted) [codeweaver] finished at terminal: done, history, milestone_idx, report, parity_complete, parity_report -> {}: done=False milestone_idx=0 M0 iter=1 passed=False M0 iter=2 passed=False M0 iter=3 passed=False M0 iter=4 passed=False M0 iter=5 passed=False",/opt/codeweaver-gpt-sol-comparison/runs-shard3/full/crust__inversion_list/rep1,1,True
44,crust__inversion_list,inversion_list,crust,2,failed,True,1,1,2026-08-06T20:31:42.297271Z,2026-08-06T21:03:21.960428Z,,"[codeweaver] project=crust__inversion_list app_id=full-crust__inversion_list-rep2 mock=False db=/opt/codeweaver-gpt-sol-comparison/runs-shard3/full/crust__inversion_list/rep2/pipeline/burr.db [codeweaver] loaded state at startup: milestone_idx=0 history_len=0 (idx>0 => resumed, not restarted) [codeweaver] finished at terminal: done, history, milestone_idx, report, parity_complete, parity_report -> {}: done=False milestone_idx=0 M0 iter=1 passed=False M0 iter=2 passed=False M0 iter=3 passed=False M0 iter=4 passed=False M0 iter=5 passed=False",/opt/codeweaver-gpt-sol-comparison/runs-shard3/full/crust__inversion_list/rep2,1,True
45,crust__jccc,jccc,crust,0,completed,True,0,1,2026-08-05T18:38:51.531616Z,2026-08-05T20:43:02.963852Z,,,/opt/codeweaver-gpt-sol-comparison/runs-shard7/full/crust__jccc/rep0,2,True
45,crust__jccc,jccc,crust,1,completed,True,0,1,2026-08-05T18:38:51.532733Z,2026-08-05T20:41:33.388409Z,,,/opt/codeweaver-gpt-sol-comparison/runs-shard7/full/crust__jccc/rep1,2,True
45,crust__jccc,jccc,crust,2,completed,True,0,1,2026-08-05T18:38:51.532235Z,2026-08-05T20:36:46.569783Z,,,/opt/codeweaver-gpt-sol-comparison/runs-shard7/full/crust__jccc/rep2,2,True
46,crust__kairocompiler,kairocompiler,crust,0,completed,True,0,1,2026-08-05T18:38:51.535226Z,2026-08-05T20:48:43.554341Z,,,/opt/codeweaver-gpt-sol-comparison/runs-shard7/full/crust__kairocompiler/rep0,2,True
46,crust__kairocompiler,kairocompiler,crust,1,completed,True,0,1,2026-08-05T18:38:51.534566Z,2026-08-05T20:26:02.381438Z,,,/opt/codeweaver-gpt-sol-comparison/runs-shard7/full/crust__kairocompiler/rep1,2,True
46,crust__kairocompiler,kairocompiler,crust,2,completed,True,0,1,2026-08-05T18:38:51.536284Z,2026-08-05T20:47:51.601566Z,,,/opt/codeweaver-gpt-sol-comparison/runs-shard7/full/crust__kairocompiler/rep2,2,True
47,crust__kd3,kd3,crust,0,failed,True,1,1,2026-08-05T18:38:51.537282Z,2026-08-05T19:31:28.782725Z,,"[codeweaver] project=crust__kd3 app_id=full-crust__kd3-rep0 mock=False db=/opt/codeweaver-gpt-sol-comparison/runs-shard7/full/crust__kd3/rep0/pipeline/burr.db [codeweaver] loaded state at startup: milestone_idx=0 history_len=0 (idx>0 => resumed, not restarted) [codeweaver] finished at terminal: done, history, milestone_idx, report, parity_complete, parity_report -> {}: done=False milestone_idx=0 M0 iter=1 passed=False M0 iter=2 passed=False M0 iter=3 passed=False M0 iter=4 passed=False M0 iter=5 passed=False",/opt/codeweaver-gpt-sol-comparison/runs-shard7/full/crust__kd3/rep0,2,True
47,crust__kd3,kd3,crust,1,completed,True,0,1,2026-08-05T18:38:51.552498Z,2026-08-05T21:10:05.220077Z,,,/opt/codeweaver-gpt-sol-comparison/runs-shard7/full/crust__kd3/rep1,2,True
47,crust__kd3,kd3,crust,2,failed,True,1,1,2026-08-05T19:31:28.796430Z,2026-08-05T20:11:39.708790Z,,"[codeweaver] project=crust__kd3 app_id=full-crust__kd3-rep2 mock=False db=/opt/codeweaver-gpt-sol-comparison/runs-shard7/full/crust__kd3/rep2/pipeline/burr.db [codeweaver] loaded state at startup: milestone_idx=0 history_len=0 (idx>0 => resumed, not restarted) [codeweaver] finished at terminal: done, history, milestone_idx, report, parity_complete, parity_report -> {}: done=False milestone_idx=0 M0 iter=1 passed=False M0 iter=2 passed=False M0 iter=3 passed=False M0 iter=4 passed=False M0 iter=5 passed=False",/opt/codeweaver-gpt-sol-comparison/runs-shard7/full/crust__kd3/rep2,2,True
48,crust__lambda-calculus-eval,lambda-calculus-eval,crust,0,failed,True,1,1,2026-08-05T20:11:39.715835Z,2026-08-05T21:50:56.757748Z,,"alculus-eval-rep0 mock=False db=/opt/codeweaver-gpt-sol-comparison/runs-shard7/full/crust__lambda-calculus-eval/rep0/pipeline/burr.db [codeweaver] loaded state at startup: milestone_idx=0 history_len=0 (idx>0 => resumed, not restarted) [codeweaver] finished at terminal: done, history, milestone_idx, report, parity_complete, parity_report -> {}: done=False milestone_idx=9 M0 iter=1 passed=False M0 iter=2 passed=True M1 iter=1 passed=True M2 iter=1 passed=True M3 iter=1 passed=True M4 iter=1 passed=True M5 iter=1 passed=True M6 iter=1 passed=True M7 iter=1 passed=True M8 iter=1 passed=True M9 iter=1 passed=False M9 iter=2 passed=False M9 iter=3 passed=False M9 iter=4 passed=False M9 iter=5 passed=False",/opt/codeweaver-gpt-sol-comparison/runs-shard7/full/crust__lambda-calculus-eval/rep0,2,True
48,crust__lambda-calculus-eval,lambda-calculus-eval,crust,1,completed,True,0,1,2026-08-05T20:26:02.388687Z,2026-08-05T23:34:48.280644Z,,,/opt/codeweaver-gpt-sol-comparison/runs-shard7/full/crust__lambda-calculus-eval/rep1,2,True
48,crust__lambda-calculus-eval,lambda-calculus-eval,crust,2,completed,True,0,1,2026-08-05T20:36:46.574174Z,2026-08-06T00:35:02.080819Z,,,/opt/codeweaver-gpt-sol-comparison/runs-shard7/full/crust__lambda-calculus-eval/rep2,2,True
49,crust__leftpad,leftpad,crust,0,completed,True,0,1,2026-08-05T20:41:33.393548Z,2026-08-05T21:50:40.453918Z,,,/opt/codeweaver-gpt-sol-comparison/runs-shard7/full/crust__leftpad/rep0,2,True
49,crust__leftpad,leftpad,crust,1,completed,True,0,1,2026-08-05T20:43:02.967622Z,2026-08-05T21:44:35.124453Z,,,/opt/codeweaver-gpt-sol-comparison/runs-shard7/full/crust__leftpad/rep1,2,True
49,crust__leftpad,leftpad,crust,2,completed,True,0,1,2026-08-05T20:47:51.605203Z,2026-08-05T21:17:00.246952Z,,,/opt/codeweaver-gpt-sol-comparison/runs-shard7/full/crust__leftpad/rep2,2,True
50,crust__lib2bit,lib2bit,crust,0,failed,True,1,1,2026-08-05T20:48:43.557955Z,2026-08-05T21:36:39.942559Z,,"[codeweaver] project=crust__lib2bit app_id=full-crust__lib2bit-rep0 mock=False db=/opt/codeweaver-gpt-sol-comparison/runs-shard7/full/crust__lib2bit/rep0/pipeline/burr.db [codeweaver] loaded state at startup: milestone_idx=0 history_len=0 (idx>0 => resumed, not restarted) [codeweaver] finished at terminal: done, history, milestone_idx, report, parity_complete, parity_report -> {}: done=False milestone_idx=0 M0 iter=1 passed=False M0 iter=2 passed=False M0 iter=3 passed=False M0 iter=4 passed=False M0 iter=5 passed=False",/opt/codeweaver-gpt-sol-comparison/runs-shard7/full/crust__lib2bit/rep0,2,True
50,crust__lib2bit,lib2bit,crust,1,failed,True,1,1,2026-08-05T21:10:05.232215Z,2026-08-05T22:01:03.328849Z,,"[codeweaver] project=crust__lib2bit app_id=full-crust__lib2bit-rep1 mock=False db=/opt/codeweaver-gpt-sol-comparison/runs-shard7/full/crust__lib2bit/rep1/pipeline/burr.db [codeweaver] loaded state at startup: milestone_idx=0 history_len=0 (idx>0 => resumed, not restarted) [codeweaver] finished at terminal: done, history, milestone_idx, report, parity_complete, parity_report -> {}: done=False milestone_idx=0 M0 iter=1 passed=False M0 iter=2 passed=False M0 iter=3 passed=False M0 iter=4 passed=False M0 iter=5 passed=False",/opt/codeweaver-gpt-sol-comparison/runs-shard7/full/crust__lib2bit/rep1,2,True
50,crust__lib2bit,lib2bit,crust,2,failed,True,1,1,2026-08-05T21:17:00.250904Z,2026-08-05T22:04:26.477117Z,,"[codeweaver] project=crust__lib2bit app_id=full-crust__lib2bit-rep2 mock=False db=/opt/codeweaver-gpt-sol-comparison/runs-shard7/full/crust__lib2bit/rep2/pipeline/burr.db [codeweaver] loaded state at startup: milestone_idx=0 history_len=0 (idx>0 => resumed, not restarted) [codeweaver] finished at terminal: done, history, milestone_idx, report, parity_complete, parity_report -> {}: done=False milestone_idx=0 M0 iter=1 passed=False M0 iter=2 passed=False M0 iter=3 passed=False M0 iter=4 passed=False M0 iter=5 passed=False",/opt/codeweaver-gpt-sol-comparison/runs-shard7/full/crust__lib2bit/rep2,2,True
51,crust__libbase122,libbase122,crust,0,completed,True,0,1,2026-08-05T21:36:39.949700Z,2026-08-05T23:22:28.302634Z,,,/opt/codeweaver-gpt-sol-comparison/runs-shard7/full/crust__libbase122/rep0,2,True
51,crust__libbase122,libbase122,crust,1,completed,True,0,1,2026-08-05T21:44:35.131874Z,2026-08-05T23:17:37.027130Z,,,/opt/codeweaver-gpt-sol-comparison/runs-shard7/full/crust__libbase122/rep1,2,True
51,crust__libbase122,libbase122,crust,2,completed,True,0,1,2026-08-05T21:50:40.459833Z,2026-08-05T23:35:58.832453Z,,,/opt/codeweaver-gpt-sol-comparison/runs-shard7/full/crust__libbase122/rep2,2,True
52,crust__libbeaufort,libbeaufort,crust,0,completed,True,0,1,2026-08-05T21:50:56.775874Z,2026-08-05T22:54:26.567004Z,,,/opt/codeweaver-gpt-sol-comparison/runs-shard7/full/crust__libbeaufort/rep0,2,True
52,crust__libbeaufort,libbeaufort,crust,1,completed,True,0,1,2026-08-05T22:01:03.335380Z,2026-08-05T22:58:23.141611Z,,,/opt/codeweaver-gpt-sol-comparison/runs-shard7/full/crust__libbeaufort/rep1,2,True
52,crust__libbeaufort,libbeaufort,crust,2,completed,True,0,1,2026-08-05T22:04:26.480947Z,2026-08-05T22:59:48.897350Z,,,/opt/codeweaver-gpt-sol-comparison/runs-shard7/full/crust__libbeaufort/rep2,2,True
53,crust__libfor,libfor,crust,0,failed,True,1,1,2026-08-05T22:54:26.584131Z,2026-08-06T02:07:56.566846Z,,"[codeweaver] project=crust__libfor app_id=full-crust__libfor-rep0 mock=False db=/opt/codeweaver-gpt-sol-comparison/runs-shard7/full/crust__libfor/rep0/pipeline/burr.db [codeweaver] loaded state at startup: milestone_idx=0 history_len=0 (idx>0 => resumed, not restarted) [codeweaver] finished at terminal: done, history, milestone_idx, report, parity_complete, parity_report -> {}: done=False milestone_idx=12 M0 iter=1 passed=True M1 iter=1 passed=True M2 iter=1 passed=True M3 iter=1 passed=True M4 iter=1 passed=True M5 iter=1 passed=True M6 iter=1 passed=True M7 iter=1 passed=True M8 iter=1 passed=True M9 iter=1 passed=True M10 iter=1 passed=True M11 iter=1 passed=True M12 iter=1 passed=True",/opt/codeweaver-gpt-sol-comparison/runs-shard7/full/crust__libfor/rep0,2,True
53,crust__libfor,libfor,crust,1,completed,True,0,1,2026-08-05T22:58:23.166225Z,2026-08-06T00:53:57.959103Z,,,/opt/codeweaver-gpt-sol-comparison/runs-shard7/full/crust__libfor/rep1,2,True
53,crust__libfor,libfor,crust,2,completed,True,0,1,2026-08-05T22:59:48.908457Z,2026-08-06T01:22:55.152261Z,,,/opt/codeweaver-gpt-sol-comparison/runs-shard7/full/crust__libfor/rep2,2,True
54,crust__libm17,libm17,crust,0,failed,True,1,1,2026-08-05T23:17:37.039190Z,2026-08-06T02:04:16.642955Z,,"[codeweaver] project=crust__libm17 app_id=full-crust__libm17-rep0 mock=False db=/opt/codeweaver-gpt-sol-comparison/runs-shard7/full/crust__libm17/rep0/pipeline/burr.db [codeweaver] loaded state at startup: milestone_idx=0 history_len=0 (idx>0 => resumed, not restarted) [codeweaver] finished at terminal: done, history, milestone_idx, report, parity_complete, parity_report -> {}: done=False milestone_idx=7 M0 iter=1 passed=False M0 iter=2 passed=True M1 iter=1 passed=True M2 iter=1 passed=True M3 iter=1 passed=True M4 iter=1 passed=True M5 iter=1 passed=True M6 iter=1 passed=True M7 iter=1 passed=False M7 iter=2 passed=True",/opt/codeweaver-gpt-sol-comparison/runs-shard7/full/crust__libm17/rep0,2,True
54,crust__libm17,libm17,crust,1,failed,True,1,1,2026-08-05T23:22:28.316682Z,2026-08-06T02:56:59.894620Z,,"/full/crust__libm17/rep1/pipeline/burr.db [codeweaver] loaded state at startup: milestone_idx=0 history_len=0 (idx>0 => resumed, not restarted) [codeweaver] finished at terminal: done, history, milestone_idx, report, parity_complete, parity_report -> {}: done=False milestone_idx=12 M0 iter=1 passed=False M0 iter=2 passed=True M1 iter=1 passed=True M2 iter=1 passed=True M3 iter=1 passed=True M4 iter=1 passed=True M5 iter=1 passed=True M6 iter=1 passed=True M7 iter=1 passed=True M8 iter=1 passed=True M9 iter=1 passed=True M10 iter=1 passed=True M11 iter=1 passed=True M12 iter=1 passed=False M12 iter=2 passed=False M12 iter=3 passed=False M12 iter=4 passed=False M12 iter=5 passed=False",/opt/codeweaver-gpt-sol-comparison/runs-shard7/full/crust__libm17/rep1,2,True
54,crust__libm17,libm17,crust,2,failed,True,1,1,2026-08-05T23:34:48.333794Z,2026-08-06T03:12:15.601947Z,,"hard7/full/crust__libm17/rep2/pipeline/burr.db [codeweaver] loaded state at startup: milestone_idx=0 history_len=0 (idx>0 => resumed, not restarted) [codeweaver] finished at terminal: done, history, milestone_idx, report, parity_complete, parity_report -> {}: done=False milestone_idx=15 M0 iter=1 passed=False M0 iter=2 passed=False M0 iter=3 passed=True M1 iter=1 passed=True M2 iter=1 passed=True M3 iter=1 passed=True M4 iter=1 passed=True M5 iter=1 passed=True M6 iter=1 passed=True M7 iter=1 passed=True M8 iter=1 passed=True M9 iter=1 passed=True M10 iter=1 passed=True M11 iter=1 passed=True M12 iter=1 passed=True M13 iter=1 passed=True M14 iter=1 passed=True M15 iter=1 passed=True",/opt/codeweaver-gpt-sol-comparison/runs-shard7/full/crust__libm17/rep2,2,True
55,crust__libpgn,libpgn,crust,0,failed,True,1,1,2026-08-05T23:35:58.841553Z,2026-08-06T01:21:37.084935Z,,"[codeweaver] project=crust__libpgn app_id=full-crust__libpgn-rep0 mock=False db=/opt/codeweaver-gpt-sol-comparison/runs-shard7/full/crust__libpgn/rep0/pipeline/burr.db [codeweaver] loaded state at startup: milestone_idx=0 history_len=0 (idx>0 => resumed, not restarted) [codeweaver] finished at terminal: done, history, milestone_idx, report, parity_complete, parity_report -> {}: done=False milestone_idx=0 M0 iter=1 passed=False M0 iter=2 passed=False M0 iter=3 passed=False M0 iter=4 passed=False M0 iter=5 passed=False",/opt/codeweaver-gpt-sol-comparison/runs-shard7/full/crust__libpgn/rep0,2,True
55,crust__libpgn,libpgn,crust,1,failed,True,1,1,2026-08-06T00:35:02.215920Z,2026-08-06T01:21:56.901403Z,,"[codeweaver] project=crust__libpgn app_id=full-crust__libpgn-rep1 mock=False db=/opt/codeweaver-gpt-sol-comparison/runs-shard7/full/crust__libpgn/rep1/pipeline/burr.db [codeweaver] loaded state at startup: milestone_idx=0 history_len=0 (idx>0 => resumed, not restarted) [codeweaver] finished at terminal: done, history, milestone_idx, report, parity_complete, parity_report -> {}: done=False milestone_idx=0 M0 iter=1 passed=False M0 iter=2 passed=False M0 iter=3 passed=False M0 iter=4 passed=False M0 iter=5 passed=False",/opt/codeweaver-gpt-sol-comparison/runs-shard7/full/crust__libpgn/rep1,2,True
55,crust__libpgn,libpgn,crust,2,failed,True,1,1,2026-08-06T00:53:57.979345Z,2026-08-06T01:38:40.374855Z,,"[codeweaver] project=crust__libpgn app_id=full-crust__libpgn-rep2 mock=False db=/opt/codeweaver-gpt-sol-comparison/runs-shard7/full/crust__libpgn/rep2/pipeline/burr.db [codeweaver] loaded state at startup: milestone_idx=0 history_len=0 (idx>0 => resumed, not restarted) [codeweaver] finished at terminal: done, history, milestone_idx, report, parity_complete, parity_report -> {}: done=False milestone_idx=0 M0 iter=1 passed=False M0 iter=2 passed=False M0 iter=3 passed=False M0 iter=4 passed=False M0 iter=5 passed=False",/opt/codeweaver-gpt-sol-comparison/runs-shard7/full/crust__libpgn/rep2,2,True
56,crust__libpsbt,libpsbt,crust,0,failed,True,1,2,2026-08-06T03:38:31.466442Z,2026-08-06T04:28:40.890491Z,,"[codeweaver] project=crust__libpsbt app_id=full-crust__libpsbt-rep0 mock=False db=/opt/codeweaver-gpt-sol-comparison/runs-shard7/full/crust__libpsbt/rep0/pipeline/burr.db [codeweaver] loaded state at startup: milestone_idx=7 history_len=9 (idx>0 => resumed, not restarted) [codeweaver] finished at terminal: done, history, milestone_idx, report, parity_complete, parity_report -> {}: done=False milestone_idx=9 M0 iter=1 passed=False M0 iter=2 passed=False M0 iter=3 passed=True M1 iter=1 passed=True M2 iter=1 passed=True M3 iter=1 passed=True M4 iter=1 passed=True M5 iter=1 passed=True M6 iter=1 passed=True M7 iter=1 passed=True M8 iter=1 passed=True M9 iter=1 passed=False M9 iter=2 passed=True",/opt/codeweaver-gpt-sol-comparison/runs-shard7/full/crust__libpsbt/rep0,2,True
56,crust__libpsbt,libpsbt,crust,1,failed,True,1,3,2026-08-06T05:43:02.187707Z,2026-08-06T05:54:39.943358Z,,M0 iter=1 passed=False M0 iter=2 passed=True M1 iter=1 passed=True M2 iter=1 passed=True M3 iter=1 passed=True M4 iter=1 passed=True M5 iter=1 passed=True M6 iter=1 passed=True M7 iter=1 passed=True M8 iter=1 passed=True M9 iter=1 passed=True M10 iter=1 passed=True M11 iter=1 passed=True M12 iter=1 passed=False M12 iter=2 passed=True M13 iter=1 passed=True M14 iter=1 passed=True M15 iter=1 passed=True M16 iter=1 passed=True M17 iter=1 passed=True M18 iter=1 passed=True M19 iter=1 passed=True M20 iter=1 passed=True M21 iter=1 passed=True M22 iter=1 passed=False M22 iter=2 passed=True M23 iter=1 passed=True M24 iter=1 passed=True,/opt/codeweaver-gpt-sol-comparison/runs-shard7/full/crust__libpsbt/rep1,2,True
56,crust__libpsbt,libpsbt,crust,2,failed,True,1,3,2026-08-06T05:54:39.946494Z,2026-08-06T05:59:10.403726Z,,"d state at startup: milestone_idx=13 history_len=18 (idx>0 => resumed, not restarted) [codeweaver] finished at terminal: done, history, milestone_idx, report, parity_complete, parity_report -> {}: done=False milestone_idx=13 M0 iter=1 passed=False M0 iter=2 passed=False M0 iter=3 passed=True M1 iter=1 passed=True M2 iter=1 passed=True M3 iter=1 passed=True M4 iter=1 passed=True M5 iter=1 passed=True M6 iter=1 passed=True M7 iter=1 passed=True M8 iter=1 passed=True M9 iter=1 passed=True M10 iter=1 passed=True M11 iter=1 passed=True M12 iter=1 passed=True M13 iter=1 passed=False M13 iter=2 passed=False M13 iter=3 passed=False M13 iter=4 passed=False M13 iter=5 passed=False",/opt/codeweaver-gpt-sol-comparison/runs-shard7/full/crust__libpsbt/rep2,2,True
57,crust__libqueue,libqueue,crust,0,completed,True,0,1,2026-08-06T01:38:40.379025Z,2026-08-06T02:20:17.867128Z,,,/opt/codeweaver-gpt-sol-comparison/runs-shard7/full/crust__libqueue/rep0,2,True
57,crust__libqueue,libqueue,crust,1,failed,True,1,1,2026-08-06T02:04:16.654253Z,2026-08-06T02:31:16.780089Z,,"[codeweaver] project=crust__libqueue app_id=full-crust__libqueue-rep1 mock=False db=/opt/codeweaver-gpt-sol-comparison/runs-shard7/full/crust__libqueue/rep1/pipeline/burr.db [codeweaver] loaded state at startup: milestone_idx=0 history_len=0 (idx>0 => resumed, not restarted) [codeweaver] finished at terminal: done, history, milestone_idx, report, parity_complete, parity_report -> {}: done=False milestone_idx=0 M0 iter=1 passed=False M0 iter=2 passed=False M0 iter=3 passed=False M0 iter=4 passed=False M0 iter=5 passed=False",/opt/codeweaver-gpt-sol-comparison/runs-shard7/full/crust__libqueue/rep1,2,True
57,crust__libqueue,libqueue,crust,2,completed,True,0,1,2026-08-06T02:07:56.580893Z,2026-08-06T02:36:46.465365Z,,,/opt/codeweaver-gpt-sol-comparison/runs-shard7/full/crust__libqueue/rep2,2,True
58,crust__libtinyfseq,libtinyfseq,crust,0,completed,True,0,1,2026-08-06T02:20:17.880766Z,2026-08-06T02:56:58.541034Z,,,/opt/codeweaver-gpt-sol-comparison/runs-shard7/full/crust__libtinyfseq/rep0,2,True
58,crust__libtinyfseq,libtinyfseq,crust,1,completed,True,0,1,2026-08-06T02:31:16.789533Z,2026-08-06T03:05:49.223318Z,,,/opt/codeweaver-gpt-sol-comparison/runs-shard7/full/crust__libtinyfseq/rep1,2,True
58,crust__libtinyfseq,libtinyfseq,crust,2,completed,True,0,1,2026-08-06T02:36:46.470304Z,2026-08-06T03:13:59.530488Z,,,/opt/codeweaver-gpt-sol-comparison/runs-shard7/full/crust__libtinyfseq/rep2,2,True
59,crust__libutf,libutf,crust,0,completed,True,0,1,2026-08-05T18:20:39.938914Z,2026-08-05T20:23:31.594110Z,,,/opt/codeweaver-gpt-sol-comparison/runs-shard2/full/crust__libutf/rep0,1,True
59,crust__libutf,libutf,crust,1,completed,True,0,1,2026-08-05T18:20:39.938532Z,2026-08-05T21:12:36.551041Z,,,/opt/codeweaver-gpt-sol-comparison/runs-shard2/full/crust__libutf/rep1,1,True
59,crust__libutf,libutf,crust,2,completed,True,0,1,2026-08-05T18:20:39.941646Z,2026-08-05T20:23:20.751648Z,,,/opt/codeweaver-gpt-sol-comparison/runs-shard2/full/crust__libutf/rep2,1,True
60,crust__libvcd,libvcd,crust,0,failed,True,1,1,2026-08-05T18:20:39.945236Z,2026-08-05T19:30:40.149663Z,,"[codeweaver] project=crust__libvcd app_id=full-crust__libvcd-rep0 mock=False db=/opt/codeweaver-gpt-sol-comparison/runs-shard2/full/crust__libvcd/rep0/pipeline/burr.db [codeweaver] loaded state at startup: milestone_idx=0 history_len=0 (idx>0 => resumed, not restarted) [codeweaver] finished at terminal: done, history, milestone_idx, report, parity_complete, parity_report -> {}: done=False milestone_idx=1 M0 iter=1 passed=False M0 iter=2 passed=False M0 iter=3 passed=False M0 iter=4 passed=True M1 iter=1 passed=False M1 iter=2 passed=False M1 iter=3 passed=False M1 iter=4 passed=False M1 iter=5 passed=False",/opt/codeweaver-gpt-sol-comparison/runs-shard2/full/crust__libvcd/rep0,1,True
60,crust__libvcd,libvcd,crust,1,failed,True,1,1,2026-08-05T18:20:39.949135Z,2026-08-05T19:50:48.345117Z,,"[codeweaver] project=crust__libvcd app_id=full-crust__libvcd-rep1 mock=False db=/opt/codeweaver-gpt-sol-comparison/runs-shard2/full/crust__libvcd/rep1/pipeline/burr.db [codeweaver] loaded state at startup: milestone_idx=0 history_len=0 (idx>0 => resumed, not restarted) [codeweaver] finished at terminal: done, history, milestone_idx, report, parity_complete, parity_report -> {}: done=False milestone_idx=4 M0 iter=1 passed=False M0 iter=2 passed=False M0 iter=3 passed=False M0 iter=4 passed=False M0 iter=5 passed=True M1 iter=1 passed=True M2 iter=1 passed=True M3 iter=1 passed=True M4 iter=1 passed=False M4 iter=2 passed=False M4 iter=3 passed=False M4 iter=4 passed=False M4 iter=5 passed=False",/opt/codeweaver-gpt-sol-comparison/runs-shard2/full/crust__libvcd/rep1,1,True
60,crust__libvcd,libvcd,crust,2,failed,True,1,1,2026-08-05T18:20:39.947279Z,2026-08-05T20:55:43.318722Z,,"[codeweaver] project=crust__libvcd app_id=full-crust__libvcd-rep2 mock=False db=/opt/codeweaver-gpt-sol-comparison/runs-shard2/full/crust__libvcd/rep2/pipeline/burr.db [codeweaver] loaded state at startup: milestone_idx=0 history_len=0 (idx>0 => resumed, not restarted) [codeweaver] finished at terminal: done, history, milestone_idx, report, parity_complete, parity_report -> {}: done=False milestone_idx=6 M0 iter=1 passed=False M0 iter=2 passed=False M0 iter=3 passed=False M0 iter=4 passed=True M1 iter=1 passed=False M1 iter=2 passed=False M1 iter=3 passed=True M2 iter=1 passed=True M3 iter=1 passed=True M4 iter=1 passed=True M5 iter=1 passed=True M6 iter=1 passed=False M6 iter=2 passed=True",/opt/codeweaver-gpt-sol-comparison/runs-shard2/full/crust__libvcd/rep2,1,True
61,crust__libwecan,libwecan,crust,0,failed,True,1,1,2026-08-05T19:30:40.171377Z,2026-08-05T20:10:06.018227Z,,"[codeweaver] project=crust__libwecan app_id=full-crust__libwecan-rep0 mock=False db=/opt/codeweaver-gpt-sol-comparison/runs-shard2/full/crust__libwecan/rep0/pipeline/burr.db [codeweaver] loaded state at startup: milestone_idx=0 history_len=0 (idx>0 => resumed, not restarted) [codeweaver] finished at terminal: done, history, milestone_idx, report, parity_complete, parity_report -> {}: done=False milestone_idx=0 M0 iter=1 passed=False M0 iter=2 passed=False M0 iter=3 passed=False M0 iter=4 passed=False M0 iter=5 passed=False",/opt/codeweaver-gpt-sol-comparison/runs-shard2/full/crust__libwecan/rep0,1,True
61,crust__libwecan,libwecan,crust,1,failed,True,1,1,2026-08-05T19:50:48.355868Z,2026-08-05T20:33:16.772258Z,,"[codeweaver] project=crust__libwecan app_id=full-crust__libwecan-rep1 mock=False db=/opt/codeweaver-gpt-sol-comparison/runs-shard2/full/crust__libwecan/rep1/pipeline/burr.db [codeweaver] loaded state at startup: milestone_idx=0 history_len=0 (idx>0 => resumed, not restarted) [codeweaver] finished at terminal: done, history, milestone_idx, report, parity_complete, parity_report -> {}: done=False milestone_idx=0 M0 iter=1 passed=False M0 iter=2 passed=False M0 iter=3 passed=False M0 iter=4 passed=False M0 iter=5 passed=False",/opt/codeweaver-gpt-sol-comparison/runs-shard2/full/crust__libwecan/rep1,1,True
61,crust__libwecan,libwecan,crust,2,failed,True,1,1,2026-08-05T20:10:06.022229Z,2026-08-05T20:57:43.025995Z,,"[codeweaver] project=crust__libwecan app_id=full-crust__libwecan-rep2 mock=False db=/opt/codeweaver-gpt-sol-comparison/runs-shard2/full/crust__libwecan/rep2/pipeline/burr.db [codeweaver] loaded state at startup: milestone_idx=0 history_len=0 (idx>0 => resumed, not restarted) [codeweaver] finished at terminal: done, history, milestone_idx, report, parity_complete, parity_report -> {}: done=False milestone_idx=0 M0 iter=1 passed=False M0 iter=2 passed=False M0 iter=3 passed=False M0 iter=4 passed=False M0 iter=5 passed=False",/opt/codeweaver-gpt-sol-comparison/runs-shard2/full/crust__libwecan/rep2,1,True
62,crust__linear-algebra-c,linear-algebra-c,crust,0,failed,True,1,1,2026-08-05T20:23:20.763117Z,2026-08-05T22:37:03.600263Z,,"ded state at startup: milestone_idx=0 history_len=0 (idx>0 => resumed, not restarted) [codeweaver] finished at terminal: done, history, milestone_idx, report, parity_complete, parity_report -> {}: done=False milestone_idx=11 M0 iter=1 passed=False M0 iter=2 passed=False M0 iter=3 passed=False M0 iter=4 passed=False M0 iter=5 passed=True M1 iter=1 passed=True M2 iter=1 passed=True M3 iter=1 passed=True M4 iter=1 passed=True M5 iter=1 passed=True M6 iter=1 passed=True M7 iter=1 passed=True M8 iter=1 passed=True M9 iter=1 passed=True M10 iter=1 passed=True M11 iter=1 passed=False M11 iter=2 passed=False M11 iter=3 passed=False M11 iter=4 passed=False M11 iter=5 passed=False",/opt/codeweaver-gpt-sol-comparison/runs-shard2/full/crust__linear-algebra-c/rep0,1,True
62,crust__linear-algebra-c,linear-algebra-c,crust,1,failed,True,1,1,2026-08-05T20:23:31.601341Z,2026-08-05T22:07:21.540903Z,,"t__linear-algebra-c/rep1/pipeline/burr.db [codeweaver] loaded state at startup: milestone_idx=0 history_len=0 (idx>0 => resumed, not restarted) [codeweaver] finished at terminal: done, history, milestone_idx, report, parity_complete, parity_report -> {}: done=False milestone_idx=11 M0 iter=1 passed=False M0 iter=2 passed=False M0 iter=3 passed=True M1 iter=1 passed=True M2 iter=1 passed=True M3 iter=1 passed=True M4 iter=1 passed=True M5 iter=1 passed=True M6 iter=1 passed=True M7 iter=1 passed=True M8 iter=1 passed=True M9 iter=1 passed=True M10 iter=1 passed=True M11 iter=1 passed=False M11 iter=2 passed=False M11 iter=3 passed=False M11 iter=4 passed=False M11 iter=5 passed=False",/opt/codeweaver-gpt-sol-comparison/runs-shard2/full/crust__linear-algebra-c/rep1,1,True
62,crust__linear-algebra-c,linear-algebra-c,crust,2,completed,True,0,1,2026-08-05T20:33:16.777646Z,2026-08-05T22:57:57.762188Z,,,/opt/codeweaver-gpt-sol-comparison/runs-shard2/full/crust__linear-algebra-c/rep2,1,True
63,crust__ljmm,ljmm,crust,0,completed,True,0,1,2026-08-05T20:55:43.329925Z,2026-08-05T23:07:18.711276Z,,,/opt/codeweaver-gpt-sol-comparison/runs-shard2/full/crust__ljmm/rep0,1,True
63,crust__ljmm,ljmm,crust,1,failed,True,1,1,2026-08-05T20:57:43.032012Z,2026-08-06T01:06:43.754246Z,,"0 => resumed, not restarted) [codeweaver] finished at terminal: done, history, milestone_idx, report, parity_complete, parity_report -> {}: done=False milestone_idx=12 M0 iter=1 passed=False M0 iter=2 passed=True M1 iter=1 passed=True M2 iter=1 passed=True M3 iter=1 passed=True M4 iter=1 passed=True M5 iter=1 passed=True M6 iter=1 passed=True M7 iter=1 passed=False M7 iter=2 passed=True M8 iter=1 passed=False M8 iter=2 passed=True M9 iter=1 passed=False M9 iter=2 passed=True M10 iter=1 passed=False M10 iter=2 passed=True M11 iter=1 passed=True M12 iter=1 passed=False M12 iter=2 passed=False M12 iter=3 passed=False M12 iter=4 passed=False M12 iter=5 passed=True",/opt/codeweaver-gpt-sol-comparison/runs-shard2/full/crust__ljmm/rep1,1,True
63,crust__ljmm,ljmm,crust,2,completed,True,0,1,2026-08-05T21:12:36.560986Z,2026-08-05T23:23:35.004969Z,,,/opt/codeweaver-gpt-sol-comparison/runs-shard2/full/crust__ljmm/rep2,1,True
64,crust__ltre,ltre,crust,0,failed,True,1,1,2026-08-05T22:07:21.572987Z,2026-08-06T03:14:08.862595Z,,"[codeweaver] project=crust__ltre app_id=full-crust__ltre-rep0 mock=False db=/opt/codeweaver-gpt-sol-comparison/runs-shard2/full/crust__ltre/rep0/pipeline/burr.db [codeweaver] loaded state at startup: milestone_idx=0 history_len=0 (idx>0 => resumed, not restarted) [codeweaver] finished at terminal: done, history, milestone_idx, report, parity_complete, parity_report -> {}: done=False milestone_idx=11 M0 iter=1 passed=True M1 iter=1 passed=True M2 iter=1 passed=True M3 iter=1 passed=True M4 iter=1 passed=True M5 iter=1 passed=True M6 iter=1 passed=True M7 iter=1 passed=True M8 iter=1 passed=True M9 iter=1 passed=True M10 iter=1 passed=True M11 iter=1 passed=True",/opt/codeweaver-gpt-sol-comparison/runs-shard2/full/crust__ltre/rep0,1,True
64,crust__ltre,ltre,crust,1,failed,True,1,1,2026-08-05T22:37:03.605754Z,2026-08-05T23:36:57.071242Z,,"[codeweaver] project=crust__ltre app_id=full-crust__ltre-rep1 mock=False db=/opt/codeweaver-gpt-sol-comparison/runs-shard2/full/crust__ltre/rep1/pipeline/burr.db [codeweaver] loaded state at startup: milestone_idx=0 history_len=0 (idx>0 => resumed, not restarted) [codeweaver] finished at terminal: done, history, milestone_idx, report, parity_complete, parity_report -> {}: done=False milestone_idx=1 M0 iter=1 passed=True M1 iter=1 passed=False M1 iter=2 passed=False M1 iter=3 passed=False M1 iter=4 passed=False M1 iter=5 passed=False",/opt/codeweaver-gpt-sol-comparison/runs-shard2/full/crust__ltre/rep1,1,True
64,crust__ltre,ltre,crust,2,completed,True,0,2,2026-08-06T03:38:31.457189Z,2026-08-06T03:50:24.158955Z,,,/opt/codeweaver-gpt-sol-comparison/runs-shard2/full/crust__ltre/rep2,1,True
65,crust__math-library-in-c,math-library-in-c,crust,0,completed,True,0,1,2026-08-05T23:07:18.721688Z,2026-08-06T01:00:31.687909Z,,,/opt/codeweaver-gpt-sol-comparison/runs-shard2/full/crust__math-library-in-c/rep0,1,True
65,crust__math-library-in-c,math-library-in-c,crust,1,completed,True,0,1,2026-08-05T23:23:35.011356Z,2026-08-06T01:10:38.952538Z,,,/opt/codeweaver-gpt-sol-comparison/runs-shard2/full/crust__math-library-in-c/rep1,1,True
65,crust__math-library-in-c,math-library-in-c,crust,2,completed,True,0,1,2026-08-05T23:36:57.076994Z,2026-08-06T01:17:02.979316Z,,,/opt/codeweaver-gpt-sol-comparison/runs-shard2/full/crust__math-library-in-c/rep2,1,True
66,crust__matrix_multiplication,matrix_multiplication,crust,0,failed,True,1,1,2026-08-06T01:00:31.699268Z,2026-08-06T02:46:14.795378Z,,"rust__matrix_multiplication app_id=full-crust__matrix_multiplication-rep0 mock=False db=/opt/codeweaver-gpt-sol-comparison/runs-shard2/full/crust__matrix_multiplication/rep0/pipeline/burr.db [codeweaver] loaded state at startup: milestone_idx=0 history_len=0 (idx>0 => resumed, not restarted) [codeweaver] finished at terminal: done, history, milestone_idx, report, parity_complete, parity_report -> {}: done=False milestone_idx=11 M0 iter=1 passed=True M1 iter=1 passed=True M2 iter=1 passed=True M3 iter=1 passed=True M4 iter=1 passed=True M5 iter=1 passed=True M6 iter=1 passed=True M7 iter=1 passed=True M8 iter=1 passed=True M9 iter=1 passed=True M10 iter=1 passed=True M11 iter=1 passed=False M11 iter=2 passed=True",/opt/codeweaver-gpt-sol-comparison/runs-shard2/full/crust__matrix_multiplication/rep0,1,True
66,crust__matrix_multiplication,matrix_multiplication,crust,1,completed,True,0,1,2026-08-06T01:06:43.761943Z,2026-08-06T03:12:04.713767Z,,,/opt/codeweaver-gpt-sol-comparison/runs-shard2/full/crust__matrix_multiplication/rep1,1,True
66,crust__matrix_multiplication,matrix_multiplication,crust,2,completed,True,0,1,2026-08-06T01:10:38.960228Z,2026-08-06T01:54:04.709622Z,,,/opt/codeweaver-gpt-sol-comparison/runs-shard2/full/crust__matrix_multiplication/rep2,1,True
67,crust__mdb,mdb,crust,0,completed,True,0,1,2026-08-06T01:17:02.990170Z,2026-08-06T03:10:53.730900Z,,,/opt/codeweaver-gpt-sol-comparison/runs-shard2/full/crust__mdb/rep0,1,True
67,crust__mdb,mdb,crust,1,completed,True,0,1,2026-08-06T01:54:04.718749Z,2026-08-06T03:08:21.121495Z,,,/opt/codeweaver-gpt-sol-comparison/runs-shard2/full/crust__mdb/rep1,1,True
67,crust__mdb,mdb,crust,2,completed,True,0,2,2026-08-06T03:38:31.458958Z,2026-08-06T04:40:14.444582Z,,,/opt/codeweaver-gpt-sol-comparison/runs-shard2/full/crust__mdb/rep2,1,True
68,crust__megalania,megalania,crust,0,completed,True,0,2,2026-08-06T03:50:24.164111Z,2026-08-06T05:23:52.341247Z,,,/opt/codeweaver-gpt-sol-comparison/runs-shard2/full/crust__megalania/rep0,1,True
68,crust__megalania,megalania,crust,1,completed,True,0,3,2026-08-06T05:43:02.186403Z,2026-08-06T07:07:36.501067Z,,,/opt/codeweaver-gpt-sol-comparison/runs-shard2/full/crust__megalania/rep1,1,True
68,crust__megalania,megalania,crust,2,failed,True,1,3,2026-08-06T07:07:36.537949Z,2026-08-06T11:39:13.249282Z,,1 iter=1 passed=True M2 iter=1 passed=True M3 iter=1 passed=True M4 iter=1 passed=True M5 iter=1 passed=True M6 iter=1 passed=True M7 iter=1 passed=True M8 iter=1 passed=True M9 iter=1 passed=True M10 iter=1 passed=True M11 iter=1 passed=True M12 iter=1 passed=True M13 iter=1 passed=True M14 iter=1 passed=True M15 iter=1 passed=True M16 iter=1 passed=True M17 iter=1 passed=True M18 iter=1 passed=False M18 iter=2 passed=False M18 iter=3 passed=False M18 iter=4 passed=True M19 iter=1 passed=True M20 iter=1 passed=True M21 iter=1 passed=True M22 iter=1 passed=True M23 iter=1 passed=True M24 iter=1 passed=True M25 iter=1 passed=True,/opt/codeweaver-gpt-sol-comparison/runs-shard2/full/crust__megalania/rep2,1,True
69,crust__merkle-tree-c,merkle-tree-c,crust,0,completed,True,0,2,2026-08-06T11:39:13.289497Z,2026-08-06T13:31:03.301210Z,,,/opt/codeweaver-gpt-sol-comparison/runs-shard2/full/crust__merkle-tree-c/rep0,1,True
69,crust__merkle-tree-c,merkle-tree-c,crust,1,completed,True,0,1,2026-08-06T13:31:03.334178Z,2026-08-06T14:36:50.185434Z,,,/opt/codeweaver-gpt-sol-comparison/runs-shard2/full/crust__merkle-tree-c/rep1,1,True
69,crust__merkle-tree-c,merkle-tree-c,crust,2,completed,True,0,1,2026-08-06T14:36:50.188398Z,2026-08-06T15:51:45.479310Z,,,/opt/codeweaver-gpt-sol-comparison/runs-shard2/full/crust__merkle-tree-c/rep2,1,True
70,crust__morton,morton,crust,0,failed,True,1,1,2026-08-06T15:51:45.483824Z,2026-08-06T16:22:17.875572Z,,"[codeweaver] project=crust__morton app_id=full-crust__morton-rep0 mock=False db=/opt/codeweaver-gpt-sol-comparison/runs-shard2/full/crust__morton/rep0/pipeline/burr.db [codeweaver] loaded state at startup: milestone_idx=0 history_len=0 (idx>0 => resumed, not restarted) [codeweaver] finished at terminal: done, history, milestone_idx, report, parity_complete, parity_report -> {}: done=False milestone_idx=0 M0 iter=1 passed=False M0 iter=2 passed=False M0 iter=3 passed=False M0 iter=4 passed=False M0 iter=5 passed=False",/opt/codeweaver-gpt-sol-comparison/runs-shard2/full/crust__morton/rep0,1,True
70,crust__morton,morton,crust,1,failed,True,1,1,2026-08-06T16:22:17.878131Z,2026-08-06T17:03:37.749743Z,,"[codeweaver] project=crust__morton app_id=full-crust__morton-rep1 mock=False db=/opt/codeweaver-gpt-sol-comparison/runs-shard2/full/crust__morton/rep1/pipeline/burr.db [codeweaver] loaded state at startup: milestone_idx=0 history_len=0 (idx>0 => resumed, not restarted) [codeweaver] finished at terminal: done, history, milestone_idx, report, parity_complete, parity_report -> {}: done=False milestone_idx=4 M0 iter=1 passed=False M0 iter=2 passed=False M0 iter=3 passed=False M0 iter=4 passed=True M1 iter=1 passed=True M2 iter=1 passed=True M3 iter=1 passed=True M4 iter=1 passed=False M4 iter=2 passed=False M4 iter=3 passed=False M4 iter=4 passed=False M4 iter=5 passed=False",/opt/codeweaver-gpt-sol-comparison/runs-shard2/full/crust__morton/rep1,1,True
70,crust__morton,morton,crust,2,failed,True,1,1,2026-08-06T17:03:37.752670Z,2026-08-06T17:34:46.398195Z,,"[codeweaver] project=crust__morton app_id=full-crust__morton-rep2 mock=False db=/opt/codeweaver-gpt-sol-comparison/runs-shard2/full/crust__morton/rep2/pipeline/burr.db [codeweaver] loaded state at startup: milestone_idx=0 history_len=0 (idx>0 => resumed, not restarted) [codeweaver] finished at terminal: done, history, milestone_idx, report, parity_complete, parity_report -> {}: done=False milestone_idx=0 M0 iter=1 passed=False M0 iter=2 passed=False M0 iter=3 passed=False M0 iter=4 passed=False M0 iter=5 passed=False",/opt/codeweaver-gpt-sol-comparison/runs-shard2/full/crust__morton/rep2,1,True
71,crust__murmurhash_c,murmurhash_c,crust,0,failed,True,1,1,2026-08-06T17:34:46.402813Z,2026-08-06T20:19:56.553555Z,,"full/crust__murmurhash_c/rep0/pipeline/burr.db [codeweaver] loaded state at startup: milestone_idx=0 history_len=0 (idx>0 => resumed, not restarted) [codeweaver] finished at terminal: done, history, milestone_idx, report, parity_complete, parity_report -> {}: done=False milestone_idx=16 M0 iter=1 passed=False M0 iter=2 passed=True M1 iter=1 passed=True M2 iter=1 passed=True M3 iter=1 passed=True M4 iter=1 passed=True M5 iter=1 passed=True M6 iter=1 passed=True M7 iter=1 passed=True M8 iter=1 passed=True M9 iter=1 passed=True M10 iter=1 passed=True M11 iter=1 passed=True M12 iter=1 passed=True M13 iter=1 passed=True M14 iter=1 passed=True M15 iter=1 passed=True M16 iter=1 passed=True",/opt/codeweaver-gpt-sol-comparison/runs-shard2/full/crust__murmurhash_c/rep0,1,True
71,crust__murmurhash_c,murmurhash_c,crust,1,completed,True,0,1,2026-08-06T20:19:56.556300Z,2026-08-06T20:58:59.192045Z,,,/opt/codeweaver-gpt-sol-comparison/runs-shard2/full/crust__murmurhash_c/rep1,1,True
71,crust__murmurhash_c,murmurhash_c,crust,2,completed,True,0,1,2026-08-06T20:58:59.194657Z,2026-08-06T21:28:54.911023Z,,,/opt/codeweaver-gpt-sol-comparison/runs-shard2/full/crust__murmurhash_c/rep2,1,True
72,crust__mvptree,mvptree,crust,0,completed,True,0,1,2026-08-06T21:28:54.914521Z,2026-08-07T00:26:07.463438Z,,,/opt/codeweaver-gpt-sol-comparison/runs-shard2/full/crust__mvptree/rep0,1,True
72,crust__mvptree,mvptree,crust,1,completed,True,0,1,2026-08-07T00:26:07.466798Z,2026-08-07T02:28:20.114941Z,,,/opt/codeweaver-gpt-sol-comparison/runs-shard2/full/crust__mvptree/rep1,1,True
72,crust__mvptree,mvptree,crust,2,completed,True,0,1,2026-08-07T02:28:20.117492Z,2026-08-07T03:53:36.794917Z,,,/opt/codeweaver-gpt-sol-comparison/runs-shard2/full/crust__mvptree/rep2,1,True
73,crust__nandc,nandc,crust,0,completed,True,0,1,2026-08-05T18:43:32.075834Z,2026-08-05T19:45:44.345781Z,,,/opt/codeweaver-gpt-sol-comparison/runs-shard8/full/crust__nandc/rep0,2,True
73,crust__nandc,nandc,crust,1,completed,True,0,1,2026-08-05T18:43:32.076407Z,2026-08-05T19:35:41.304787Z,,,/opt/codeweaver-gpt-sol-comparison/runs-shard8/full/crust__nandc/rep1,2,True
73,crust__nandc,nandc,crust,2,completed,True,0,1,2026-08-05T18:43:32.078020Z,2026-08-05T19:29:28.398792Z,,,/opt/codeweaver-gpt-sol-comparison/runs-shard8/full/crust__nandc/rep2,2,True
74,crust__phills_dht,phills_dht,crust,0,completed,True,0,1,2026-08-05T18:43:32.080487Z,2026-08-05T19:39:00.358838Z,,,/opt/codeweaver-gpt-sol-comparison/runs-shard8/full/crust__phills_dht/rep0,2,True
74,crust__phills_dht,phills_dht,crust,1,completed,True,0,1,2026-08-05T18:43:32.080896Z,2026-08-05T19:51:01.906781Z,,,/opt/codeweaver-gpt-sol-comparison/runs-shard8/full/crust__phills_dht/rep1,2,True
74,crust__phills_dht,phills_dht,crust,2,completed,True,0,1,2026-08-05T18:43:32.082890Z,2026-08-05T19:43:07.615341Z,,,/opt/codeweaver-gpt-sol-comparison/runs-shard8/full/crust__phills_dht/rep2,2,True
75,crust__quadtree,quadtree,crust,0,completed,True,0,1,2026-08-05T18:43:32.087151Z,2026-08-05T21:10:41.566953Z,,,/opt/codeweaver-gpt-sol-comparison/runs-shard8/full/crust__quadtree/rep0,2,True
75,crust__quadtree,quadtree,crust,1,failed,True,1,1,2026-08-05T18:43:32.086947Z,2026-08-05T21:41:01.905186Z,,"line/burr.db [codeweaver] loaded state at startup: milestone_idx=0 history_len=0 (idx>0 => resumed, not restarted) [codeweaver] finished at terminal: done, history, milestone_idx, report, parity_complete, parity_report -> {}: done=False milestone_idx=11 M0 iter=1 passed=False M0 iter=2 passed=True M1 iter=1 passed=True M2 iter=1 passed=True M3 iter=1 passed=True M4 iter=1 passed=True M5 iter=1 passed=True M6 iter=1 passed=False M6 iter=2 passed=False M6 iter=3 passed=True M7 iter=1 passed=True M8 iter=1 passed=True M9 iter=1 passed=True M10 iter=1 passed=True M11 iter=1 passed=False M11 iter=2 passed=False M11 iter=3 passed=False M11 iter=4 passed=False M11 iter=5 passed=False",/opt/codeweaver-gpt-sol-comparison/runs-shard8/full/crust__quadtree/rep1,2,True
75,crust__quadtree,quadtree,crust,2,failed,True,1,1,2026-08-05T19:29:28.415455Z,2026-08-05T21:10:30.287532Z,,"project=crust__quadtree app_id=full-crust__quadtree-rep2 mock=False db=/opt/codeweaver-gpt-sol-comparison/runs-shard8/full/crust__quadtree/rep2/pipeline/burr.db [codeweaver] loaded state at startup: milestone_idx=0 history_len=0 (idx>0 => resumed, not restarted) [codeweaver] finished at terminal: done, history, milestone_idx, report, parity_complete, parity_report -> {}: done=False milestone_idx=7 M0 iter=1 passed=False M0 iter=2 passed=False M0 iter=3 passed=True M1 iter=1 passed=True M2 iter=1 passed=True M3 iter=1 passed=True M4 iter=1 passed=True M5 iter=1 passed=True M6 iter=1 passed=True M7 iter=1 passed=False M7 iter=2 passed=False M7 iter=3 passed=False M7 iter=4 passed=False M7 iter=5 passed=False",/opt/codeweaver-gpt-sol-comparison/runs-shard8/full/crust__quadtree/rep2,2,True
76,crust__razz_simulation,razz_simulation,crust,0,failed,True,1,1,2026-08-05T19:35:41.310940Z,2026-08-05T20:23:55.419264Z,,"[codeweaver] project=crust__razz_simulation app_id=full-crust__razz_simulation-rep0 mock=False db=/opt/codeweaver-gpt-sol-comparison/runs-shard8/full/crust__razz_simulation/rep0/pipeline/burr.db [codeweaver] loaded state at startup: milestone_idx=0 history_len=0 (idx>0 => resumed, not restarted) [codeweaver] finished at terminal: done, history, milestone_idx, report, parity_complete, parity_report -> {}: done=False milestone_idx=0 M0 iter=1 passed=False M0 iter=2 passed=False M0 iter=3 passed=False M0 iter=4 passed=False M0 iter=5 passed=False",/opt/codeweaver-gpt-sol-comparison/runs-shard8/full/crust__razz_simulation/rep0,2,True
76,crust__razz_simulation,razz_simulation,crust,1,failed,True,1,1,2026-08-05T19:39:00.363210Z,2026-08-05T20:27:51.591934Z,,"[codeweaver] project=crust__razz_simulation app_id=full-crust__razz_simulation-rep1 mock=False db=/opt/codeweaver-gpt-sol-comparison/runs-shard8/full/crust__razz_simulation/rep1/pipeline/burr.db [codeweaver] loaded state at startup: milestone_idx=0 history_len=0 (idx>0 => resumed, not restarted) [codeweaver] finished at terminal: done, history, milestone_idx, report, parity_complete, parity_report -> {}: done=False milestone_idx=0 M0 iter=1 passed=False M0 iter=2 passed=False M0 iter=3 passed=False M0 iter=4 passed=False M0 iter=5 passed=False",/opt/codeweaver-gpt-sol-comparison/runs-shard8/full/crust__razz_simulation/rep1,2,True
76,crust__razz_simulation,razz_simulation,crust,2,failed,True,1,1,2026-08-05T19:43:07.623590Z,2026-08-05T20:32:14.079431Z,,"[codeweaver] project=crust__razz_simulation app_id=full-crust__razz_simulation-rep2 mock=False db=/opt/codeweaver-gpt-sol-comparison/runs-shard8/full/crust__razz_simulation/rep2/pipeline/burr.db [codeweaver] loaded state at startup: milestone_idx=0 history_len=0 (idx>0 => resumed, not restarted) [codeweaver] finished at terminal: done, history, milestone_idx, report, parity_complete, parity_report -> {}: done=False milestone_idx=0 M0 iter=1 passed=False M0 iter=2 passed=False M0 iter=3 passed=False M0 iter=4 passed=False M0 iter=5 passed=False",/opt/codeweaver-gpt-sol-comparison/runs-shard8/full/crust__razz_simulation/rep2,2,True
77,crust__rbtree-lab,rbtree-lab,crust,0,completed,True,0,1,2026-08-05T19:45:44.349093Z,2026-08-05T21:01:25.338005Z,,,/opt/codeweaver-gpt-sol-comparison/runs-shard8/full/crust__rbtree-lab/rep0,2,True
77,crust__rbtree-lab,rbtree-lab,crust,1,completed,True,0,1,2026-08-05T19:51:01.910843Z,2026-08-05T21:07:12.979777Z,,,/opt/codeweaver-gpt-sol-comparison/runs-shard8/full/crust__rbtree-lab/rep1,2,True
77,crust__rbtree-lab,rbtree-lab,crust,2,completed,True,0,1,2026-08-05T20:23:55.423220Z,2026-08-05T21:43:43.438603Z,,,/opt/codeweaver-gpt-sol-comparison/runs-shard8/full/crust__rbtree-lab/rep2,2,True
78,crust__recordmanager,recordmanager,crust,0,completed,True,0,1,2026-08-05T20:27:51.595613Z,2026-08-05T23:13:04.822190Z,,,/opt/codeweaver-gpt-sol-comparison/runs-shard8/full/crust__recordmanager/rep0,2,True
78,crust__recordmanager,recordmanager,crust,1,completed,True,0,1,2026-08-05T20:32:14.083484Z,2026-08-06T01:30:30.813516Z,,,/opt/codeweaver-gpt-sol-comparison/runs-shard8/full/crust__recordmanager/rep1,2,True
78,crust__recordmanager,recordmanager,crust,2,completed,True,0,1,2026-08-05T21:01:25.342484Z,2026-08-06T00:43:44.646074Z,,,/opt/codeweaver-gpt-sol-comparison/runs-shard8/full/crust__recordmanager/rep2,2,True
79,crust__rect_pack_h,rect_pack_h,crust,0,completed,True,0,1,2026-08-05T21:07:12.983822Z,2026-08-05T21:53:10.141579Z,,,/opt/codeweaver-gpt-sol-comparison/runs-shard8/full/crust__rect_pack_h/rep0,2,True
79,crust__rect_pack_h,rect_pack_h,crust,1,completed,True,0,1,2026-08-05T21:10:30.291331Z,2026-08-05T21:54:50.681652Z,,,/opt/codeweaver-gpt-sol-comparison/runs-shard8/full/crust__rect_pack_h/rep1,2,True
79,crust__rect_pack_h,rect_pack_h,crust,2,completed,True,0,1,2026-08-05T21:10:41.570707Z,2026-08-05T21:48:39.210418Z,,,/opt/codeweaver-gpt-sol-comparison/runs-shard8/full/crust__rect_pack_h/rep2,2,True
80,crust__remimu,remimu,crust,0,completed,True,0,1,2026-08-05T21:41:01.912323Z,2026-08-06T00:46:07.924307Z,,,/opt/codeweaver-gpt-sol-comparison/runs-shard8/full/crust__remimu/rep0,2,True
80,crust__remimu,remimu,crust,1,completed,True,0,1,2026-08-05T21:43:43.443826Z,2026-08-06T01:27:58.515898Z,,,/opt/codeweaver-gpt-sol-comparison/runs-shard8/full/crust__remimu/rep1,2,True
80,crust__remimu,remimu,crust,2,completed,True,0,1,2026-08-05T21:48:39.214763Z,2026-08-06T01:09:58.220430Z,,,/opt/codeweaver-gpt-sol-comparison/runs-shard8/full/crust__remimu/rep2,2,True
81,crust__rhbloom,rhbloom,crust,0,failed,True,1,1,2026-08-05T21:53:10.147966Z,2026-08-05T22:34:24.295707Z,,"[codeweaver] project=crust__rhbloom app_id=full-crust__rhbloom-rep0 mock=False db=/opt/codeweaver-gpt-sol-comparison/runs-shard8/full/crust__rhbloom/rep0/pipeline/burr.db [codeweaver] loaded state at startup: milestone_idx=0 history_len=0 (idx>0 => resumed, not restarted) [codeweaver] finished at terminal: done, history, milestone_idx, report, parity_complete, parity_report -> {}: done=False milestone_idx=0 M0 iter=1 passed=False M0 iter=2 passed=False M0 iter=3 passed=False M0 iter=4 passed=False M0 iter=5 passed=False",/opt/codeweaver-gpt-sol-comparison/runs-shard8/full/crust__rhbloom/rep0,2,True
81,crust__rhbloom,rhbloom,crust,1,failed,True,1,1,2026-08-05T21:54:50.686760Z,2026-08-05T22:43:47.942213Z,,"[codeweaver] project=crust__rhbloom app_id=full-crust__rhbloom-rep1 mock=False db=/opt/codeweaver-gpt-sol-comparison/runs-shard8/full/crust__rhbloom/rep1/pipeline/burr.db [codeweaver] loaded state at startup: milestone_idx=0 history_len=0 (idx>0 => resumed, not restarted) [codeweaver] finished at terminal: done, history, milestone_idx, report, parity_complete, parity_report -> {}: done=False milestone_idx=0 M0 iter=1 passed=False M0 iter=2 passed=False M0 iter=3 passed=False M0 iter=4 passed=False M0 iter=5 passed=False",/opt/codeweaver-gpt-sol-comparison/runs-shard8/full/crust__rhbloom/rep1,2,True
81,crust__rhbloom,rhbloom,crust,2,failed,True,1,3,2026-08-06T05:43:02.186401Z,2026-08-06T05:51:25.518390Z,,"peline/burr.db [codeweaver] loaded state at startup: milestone_idx=7 history_len=17 (idx>0 => resumed, not restarted) [codeweaver] finished at terminal: done, history, milestone_idx, report, parity_complete, parity_report -> {}: done=False milestone_idx=7 M0 iter=1 passed=False M0 iter=2 passed=False M0 iter=3 passed=False M0 iter=4 passed=True M1 iter=1 passed=True M2 iter=1 passed=True M3 iter=1 passed=False M3 iter=2 passed=True M4 iter=1 passed=True M5 iter=1 passed=True M6 iter=1 passed=False M6 iter=2 passed=False M6 iter=3 passed=False M6 iter=4 passed=True M7 iter=1 passed=False M7 iter=2 passed=False M7 iter=3 passed=False M7 iter=4 passed=False M7 iter=5 passed=False",/opt/codeweaver-gpt-sol-comparison/runs-shard8/full/crust__rhbloom/rep2,2,True
82,crust__roaring-bitmap,roaring-bitmap,crust,0,completed,True,0,1,2026-08-05T22:43:47.947606Z,2026-08-06T01:10:51.526903Z,,,/opt/codeweaver-gpt-sol-comparison/runs-shard8/full/crust__roaring-bitmap/rep0,2,True
82,crust__roaring-bitmap,roaring-bitmap,crust,1,completed,True,0,1,2026-08-05T23:13:04.838638Z,2026-08-06T01:15:44.234472Z,,,/opt/codeweaver-gpt-sol-comparison/runs-shard8/full/crust__roaring-bitmap/rep1,2,True
82,crust__roaring-bitmap,roaring-bitmap,crust,2,completed,True,0,1,2026-08-06T00:43:44.696194Z,2026-08-06T02:12:19.843430Z,,,/opt/codeweaver-gpt-sol-comparison/runs-shard8/full/crust__roaring-bitmap/rep2,2,True
83,crust__rubiksolver,rubiksolver,crust,0,completed,True,0,1,2026-08-06T00:46:07.937706Z,2026-08-06T01:44:30.023768Z,,,/opt/codeweaver-gpt-sol-comparison/runs-shard8/full/crust__rubiksolver/rep0,2,True
83,crust__rubiksolver,rubiksolver,crust,1,failed,True,1,3,2026-08-06T05:51:25.523676Z,2026-08-06T11:31:20.685025Z,,"sol-comparison/runs-shard8/full/crust__rubiksolver/rep1/pipeline/burr.db [codeweaver] loaded state at startup: milestone_idx=7 history_len=13 (idx>0 => resumed, not restarted) [codeweaver] finished at terminal: done, history, milestone_idx, report, parity_complete, parity_report -> {}: done=False milestone_idx=7 M0 iter=1 passed=False M0 iter=2 passed=False M0 iter=3 passed=False M0 iter=4 passed=True M1 iter=1 passed=True M2 iter=1 passed=True M3 iter=1 passed=True M4 iter=1 passed=True M5 iter=1 passed=True M6 iter=1 passed=False M6 iter=2 passed=False M6 iter=3 passed=True M7 iter=1 passed=False M7 iter=2 passed=False M7 iter=3 passed=False M7 iter=4 passed=False M7 iter=5 passed=False",/opt/codeweaver-gpt-sol-comparison/runs-shard8/full/crust__rubiksolver/rep1,2,True
83,crust__rubiksolver,rubiksolver,crust,2,completed,True,0,1,2026-08-06T01:10:51.532791Z,2026-08-06T02:15:33.093004Z,,,/opt/codeweaver-gpt-sol-comparison/runs-shard8/full/crust__rubiksolver/rep2,2,True
84,crust__satc,satc,crust,0,failed,True,1,1,2026-08-06T01:15:44.247330Z,2026-08-06T03:20:04.504320Z,,"ver-gpt-sol-comparison/runs-shard8/full/crust__satc/rep0/pipeline/burr.db [codeweaver] loaded state at startup: milestone_idx=0 history_len=0 (idx>0 => resumed, not restarted) [codeweaver] finished at terminal: done, history, milestone_idx, report, parity_complete, parity_report -> {}: done=False milestone_idx=11 M0 iter=1 passed=False M0 iter=2 passed=True M1 iter=1 passed=True M2 iter=1 passed=True M3 iter=1 passed=True M4 iter=1 passed=True M5 iter=1 passed=True M6 iter=1 passed=False M6 iter=2 passed=True M7 iter=1 passed=True M8 iter=1 passed=True M9 iter=1 passed=False M9 iter=2 passed=True M10 iter=1 passed=True M11 iter=1 passed=False M11 iter=2 passed=False M11 iter=3 passed=True",/opt/codeweaver-gpt-sol-comparison/runs-shard8/full/crust__satc/rep0,2,True
84,crust__satc,satc,crust,1,completed,True,0,1,2026-08-06T01:27:58.525936Z,2026-08-06T02:30:46.405244Z,,,/opt/codeweaver-gpt-sol-comparison/runs-shard8/full/crust__satc/rep1,2,True
84,crust__satc,satc,crust,2,failed,True,1,2,2026-08-06T11:31:20.794559Z,2026-08-06T11:54:31.455676Z,,"tc app_id=full-crust__satc-rep2 mock=False db=/opt/codeweaver-gpt-sol-comparison/runs-shard8/full/crust__satc/rep2/pipeline/burr.db [codeweaver] loaded state at startup: milestone_idx=9 history_len=12 (idx>0 => resumed, not restarted) [codeweaver] finished at terminal: done, history, milestone_idx, report, parity_complete, parity_report -> {}: done=False milestone_idx=11 M0 iter=1 passed=False M0 iter=2 passed=True M1 iter=1 passed=True M2 iter=1 passed=True M3 iter=1 passed=True M4 iter=1 passed=True M5 iter=1 passed=False M5 iter=2 passed=True M6 iter=1 passed=True M7 iter=1 passed=True M8 iter=1 passed=True M9 iter=1 passed=True M10 iter=1 passed=False M10 iter=2 passed=True M11 iter=1 passed=True",/opt/codeweaver-gpt-sol-comparison/runs-shard8/full/crust__satc/rep2,2,True
85,crust__simple-config,simple-config,crust,0,completed,True,0,1,2026-08-06T01:44:30.036622Z,2026-08-06T03:15:37.978738Z,,,/opt/codeweaver-gpt-sol-comparison/runs-shard8/full/crust__simple-config/rep0,2,True
85,crust__simple-config,simple-config,crust,1,failed,True,1,2,2026-08-06T11:54:31.463623Z,2026-08-06T13:09:39.863708Z,,"-sol-comparison/runs-shard8/full/crust__simple-config/rep1/pipeline/burr.db [codeweaver] loaded state at startup: milestone_idx=5 history_len=8 (idx>0 => resumed, not restarted) [codeweaver] finished at terminal: done, history, milestone_idx, report, parity_complete, parity_report -> {}: done=False milestone_idx=14 M0 iter=1 passed=False M0 iter=2 passed=False M0 iter=3 passed=True M1 iter=1 passed=True M2 iter=1 passed=True M3 iter=1 passed=True M4 iter=1 passed=True M5 iter=1 passed=True M6 iter=1 passed=True M7 iter=1 passed=True M8 iter=1 passed=True M9 iter=1 passed=True M10 iter=1 passed=True M11 iter=1 passed=True M12 iter=1 passed=True M13 iter=1 passed=True M14 iter=1 passed=True",/opt/codeweaver-gpt-sol-comparison/runs-shard8/full/crust__simple-config/rep1,2,True
85,crust__simple-config,simple-config,crust,2,completed,True,0,2,2026-08-06T13:09:39.867826Z,2026-08-06T13:24:28.527142Z,,,/opt/codeweaver-gpt-sol-comparison/runs-shard8/full/crust__simple-config/rep2,2,True
86,crust__simple-sparsehash,simple-sparsehash,crust,0,completed,True,0,2,2026-08-06T13:24:28.533310Z,2026-08-06T14:41:32.490710Z,,,/opt/codeweaver-gpt-sol-comparison/runs-shard8/full/crust__simple-sparsehash/rep0,2,True
86,crust__simple-sparsehash,simple-sparsehash,crust,1,completed,True,0,2,2026-08-06T14:41:32.494226Z,2026-08-06T16:21:21.208067Z,,,/opt/codeweaver-gpt-sol-comparison/runs-shard8/full/crust__simple-sparsehash/rep1,2,True
86,crust__simple-sparsehash,simple-sparsehash,crust,2,completed,True,0,2,2026-08-06T16:21:21.211763Z,2026-08-06T17:22:14.868573Z,,,/opt/codeweaver-gpt-sol-comparison/runs-shard8/full/crust__simple-sparsehash/rep2,2,True
87,crust__simple_lang,simple_lang,crust,0,completed,True,0,1,2026-08-05T18:35:56.395438Z,2026-08-05T19:52:22.880244Z,,,/opt/codeweaver-gpt-sol-comparison/runs-shard6/full/crust__simple_lang/rep0,2,True
87,crust__simple_lang,simple_lang,crust,1,completed,True,0,1,2026-08-05T18:35:56.399155Z,2026-08-05T21:14:38.302713Z,,,/opt/codeweaver-gpt-sol-comparison/runs-shard6/full/crust__simple_lang/rep1,2,True
87,crust__simple_lang,simple_lang,crust,2,completed,True,0,1,2026-08-05T18:35:56.395643Z,2026-08-05T20:15:50.638692Z,,,/opt/codeweaver-gpt-sol-comparison/runs-shard6/full/crust__simple_lang/rep2,2,True
88,crust__simplexml,simplexml,crust,0,completed,True,0,1,2026-08-05T18:35:56.398731Z,2026-08-05T19:32:35.263184Z,,,/opt/codeweaver-gpt-sol-comparison/runs-shard6/full/crust__simplexml/rep0,2,True
88,crust__simplexml,simplexml,crust,1,completed,True,0,1,2026-08-05T18:35:56.397832Z,2026-08-05T19:34:12.659288Z,,,/opt/codeweaver-gpt-sol-comparison/runs-shard6/full/crust__simplexml/rep1,2,True
88,crust__simplexml,simplexml,crust,2,completed,True,0,1,2026-08-05T18:35:56.401119Z,2026-08-05T19:41:52.043166Z,,,/opt/codeweaver-gpt-sol-comparison/runs-shard6/full/crust__simplexml/rep2,2,True
89,crust__skp,skp,crust,0,failed,True,1,1,2026-08-05T18:35:56.418195Z,2026-08-05T21:33:18.162195Z,,"s-shard6/full/crust__skp/rep0/pipeline/burr.db [codeweaver] loaded state at startup: milestone_idx=0 history_len=0 (idx>0 => resumed, not restarted) [codeweaver] finished at terminal: done, history, milestone_idx, report, parity_complete, parity_report -> {}: done=False milestone_idx=9 M0 iter=1 passed=False M0 iter=2 passed=False M0 iter=3 passed=False M0 iter=4 passed=False M0 iter=5 passed=True M1 iter=1 passed=True M2 iter=1 passed=True M3 iter=1 passed=True M4 iter=1 passed=True M5 iter=1 passed=True M6 iter=1 passed=True M7 iter=1 passed=True M8 iter=1 passed=True M9 iter=1 passed=False M9 iter=2 passed=False M9 iter=3 passed=False M9 iter=4 passed=False M9 iter=5 passed=False",/opt/codeweaver-gpt-sol-comparison/runs-shard6/full/crust__skp/rep0,2,True
89,crust__skp,skp,crust,1,failed,True,1,1,2026-08-05T18:35:56.404336Z,2026-08-05T22:41:16.816814Z,,"deweaver] finished at terminal: done, history, milestone_idx, report, parity_complete, parity_report -> {}: done=False milestone_idx=12 M0 iter=1 passed=False M0 iter=2 passed=False M0 iter=3 passed=False M0 iter=4 passed=True M1 iter=1 passed=True M2 iter=1 passed=True M3 iter=1 passed=True M4 iter=1 passed=True M5 iter=1 passed=True M6 iter=1 passed=True M7 iter=1 passed=True M8 iter=1 passed=True M9 iter=1 passed=True M10 iter=1 passed=False M10 iter=2 passed=False M10 iter=3 passed=False M10 iter=4 passed=True M11 iter=1 passed=True M12 iter=1 passed=False M12 iter=2 passed=False M12 iter=3 passed=False M12 iter=4 passed=False M12 iter=5 passed=False",/opt/codeweaver-gpt-sol-comparison/runs-shard6/full/crust__skp/rep1,2,True
89,crust__skp,skp,crust,2,failed,True,1,1,2026-08-05T18:35:56.436218Z,2026-08-05T22:26:19.785916Z,,"ded state at startup: milestone_idx=0 history_len=0 (idx>0 => resumed, not restarted) [codeweaver] finished at terminal: done, history, milestone_idx, report, parity_complete, parity_report -> {}: done=False milestone_idx=13 M0 iter=1 passed=False M0 iter=2 passed=False M0 iter=3 passed=True M1 iter=1 passed=True M2 iter=1 passed=True M3 iter=1 passed=True M4 iter=1 passed=True M5 iter=1 passed=True M6 iter=1 passed=True M7 iter=1 passed=True M8 iter=1 passed=True M9 iter=1 passed=True M10 iter=1 passed=True M11 iter=1 passed=True M12 iter=1 passed=True M13 iter=1 passed=False M13 iter=2 passed=False M13 iter=3 passed=False M13 iter=4 passed=False M13 iter=5 passed=False",/opt/codeweaver-gpt-sol-comparison/runs-shard6/full/crust__skp/rep2,2,True
90,crust__slothlang,slothlang,crust,0,failed,True,1,1,2026-08-05T18:35:56.451696Z,2026-08-05T21:21:10.219522Z,,"inal: done, history, milestone_idx, report, parity_complete, parity_report -> {}: done=False milestone_idx=11 M0 iter=1 passed=False M0 iter=2 passed=False M0 iter=3 passed=True M1 iter=1 passed=True M2 iter=1 passed=False M2 iter=2 passed=False M2 iter=3 passed=False M2 iter=4 passed=True M3 iter=1 passed=False M3 iter=2 passed=True M4 iter=1 passed=True M5 iter=1 passed=True M6 iter=1 passed=True M7 iter=1 passed=True M8 iter=1 passed=False M8 iter=2 passed=True M9 iter=1 passed=False M9 iter=2 passed=True M10 iter=1 passed=True M11 iter=1 passed=False M11 iter=2 passed=False M11 iter=3 passed=False M11 iter=4 passed=False M11 iter=5 passed=False",/opt/codeweaver-gpt-sol-comparison/runs-shard6/full/crust__slothlang/rep0,2,True
90,crust__slothlang,slothlang,crust,1,completed,True,0,1,2026-08-05T19:32:35.268731Z,2026-08-05T21:09:19.822787Z,,,/opt/codeweaver-gpt-sol-comparison/runs-shard6/full/crust__slothlang/rep1,2,True
90,crust__slothlang,slothlang,crust,2,failed,True,1,1,2026-08-05T19:34:12.663640Z,2026-08-05T20:39:48.455265Z,,"[codeweaver] project=crust__slothlang app_id=full-crust__slothlang-rep2 mock=False db=/opt/codeweaver-gpt-sol-comparison/runs-shard6/full/crust__slothlang/rep2/pipeline/burr.db [codeweaver] loaded state at startup: milestone_idx=0 history_len=0 (idx>0 => resumed, not restarted) [codeweaver] finished at terminal: done, history, milestone_idx, report, parity_complete, parity_report -> {}: done=False milestone_idx=2 M0 iter=1 passed=False M0 iter=2 passed=False M0 iter=3 passed=True M1 iter=1 passed=True M2 iter=1 passed=False M2 iter=2 passed=False M2 iter=3 passed=False M2 iter=4 passed=False M2 iter=5 passed=False",/opt/codeweaver-gpt-sol-comparison/runs-shard6/full/crust__slothlang/rep2,2,True
91,crust__ted,ted,crust,0,failed,True,1,1,2026-08-05T19:41:52.047590Z,2026-08-05T20:27:50.512408Z,,"[codeweaver] project=crust__ted app_id=full-crust__ted-rep0 mock=False db=/opt/codeweaver-gpt-sol-comparison/runs-shard6/full/crust__ted/rep0/pipeline/burr.db [codeweaver] loaded state at startup: milestone_idx=0 history_len=0 (idx>0 => resumed, not restarted) [codeweaver] finished at terminal: done, history, milestone_idx, report, parity_complete, parity_report -> {}: done=False milestone_idx=0 M0 iter=1 passed=False M0 iter=2 passed=False M0 iter=3 passed=False M0 iter=4 passed=False M0 iter=5 passed=False",/opt/codeweaver-gpt-sol-comparison/runs-shard6/full/crust__ted/rep0,2,True
91,crust__ted,ted,crust,1,failed,True,1,1,2026-08-05T19:52:22.883406Z,2026-08-05T22:37:35.350962Z,,"[codeweaver] project=crust__ted app_id=full-crust__ted-rep1 mock=False db=/opt/codeweaver-gpt-sol-comparison/runs-shard6/full/crust__ted/rep1/pipeline/burr.db [codeweaver] loaded state at startup: milestone_idx=0 history_len=0 (idx>0 => resumed, not restarted) [codeweaver] finished at terminal: done, history, milestone_idx, report, parity_complete, parity_report -> {}: done=False milestone_idx=12 M0 iter=1 passed=False M0 iter=2 passed=True M1 iter=1 passed=True M2 iter=1 passed=True M3 iter=1 passed=True M4 iter=1 passed=True M5 iter=1 passed=True M6 iter=1 passed=True M7 iter=1 passed=True M8 iter=1 passed=True M9 iter=1 passed=True M10 iter=1 passed=True M11 iter=1 passed=True M12 iter=1 passed=True",/opt/codeweaver-gpt-sol-comparison/runs-shard6/full/crust__ted/rep1,2,True
91,crust__ted,ted,crust,2,failed,True,1,1,2026-08-05T20:15:50.644043Z,2026-08-05T22:33:37.991059Z,,"[codeweaver] project=crust__ted app_id=full-crust__ted-rep2 mock=False db=/opt/codeweaver-gpt-sol-comparison/runs-shard6/full/crust__ted/rep2/pipeline/burr.db [codeweaver] loaded state at startup: milestone_idx=0 history_len=0 (idx>0 => resumed, not restarted) [codeweaver] finished at terminal: done, history, milestone_idx, report, parity_complete, parity_report -> {}: done=False milestone_idx=7 M0 iter=1 passed=False M0 iter=2 passed=True M1 iter=1 passed=True M2 iter=1 passed=True M3 iter=1 passed=True M4 iter=1 passed=True M5 iter=1 passed=True M6 iter=1 passed=True M7 iter=1 passed=False M7 iter=2 passed=True",/opt/codeweaver-gpt-sol-comparison/runs-shard6/full/crust__ted/rep2,2,True
92,crust__tisp,tisp,crust,0,failed,True,1,1,2026-08-05T20:27:50.515363Z,2026-08-05T21:21:23.685787Z,,"[codeweaver] project=crust__tisp app_id=full-crust__tisp-rep0 mock=False db=/opt/codeweaver-gpt-sol-comparison/runs-shard6/full/crust__tisp/rep0/pipeline/burr.db [codeweaver] loaded state at startup: milestone_idx=0 history_len=0 (idx>0 => resumed, not restarted) [codeweaver] finished at terminal: done, history, milestone_idx, report, parity_complete, parity_report -> {}: done=False milestone_idx=0 M0 iter=1 passed=False M0 iter=2 passed=False M0 iter=3 passed=False M0 iter=4 passed=False M0 iter=5 passed=False",/opt/codeweaver-gpt-sol-comparison/runs-shard6/full/crust__tisp/rep0,2,True
92,crust__tisp,tisp,crust,1,failed,True,1,1,2026-08-05T20:39:48.459531Z,2026-08-06T03:17:05.326902Z,,done=False milestone_idx=24 M0 iter=1 passed=False M0 iter=2 passed=False M0 iter=3 passed=True M1 iter=1 passed=True M2 iter=1 passed=True M3 iter=1 passed=True M4 iter=1 passed=True M5 iter=1 passed=True M6 iter=1 passed=True M7 iter=1 passed=True M8 iter=1 passed=True M9 iter=1 passed=True M10 iter=1 passed=True M11 iter=1 passed=True M12 iter=1 passed=True M13 iter=1 passed=True M14 iter=1 passed=True M15 iter=1 passed=True M16 iter=1 passed=True M17 iter=1 passed=True M18 iter=1 passed=True M19 iter=1 passed=True M20 iter=1 passed=True M21 iter=1 passed=True M22 iter=1 passed=True M23 iter=1 passed=True M24 iter=1 passed=True,/opt/codeweaver-gpt-sol-comparison/runs-shard6/full/crust__tisp/rep1,2,True
92,crust__tisp,tisp,crust,2,failed,True,1,1,2026-08-05T21:09:19.828937Z,2026-08-05T22:07:53.162523Z,,"[codeweaver] project=crust__tisp app_id=full-crust__tisp-rep2 mock=False db=/opt/codeweaver-gpt-sol-comparison/runs-shard6/full/crust__tisp/rep2/pipeline/burr.db [codeweaver] loaded state at startup: milestone_idx=0 history_len=0 (idx>0 => resumed, not restarted) [codeweaver] finished at terminal: done, history, milestone_idx, report, parity_complete, parity_report -> {}: done=False milestone_idx=0 M0 iter=1 passed=False M0 iter=2 passed=False M0 iter=3 passed=False M0 iter=4 passed=False M0 iter=5 passed=False",/opt/codeweaver-gpt-sol-comparison/runs-shard6/full/crust__tisp/rep2,2,True
93,crust__totp,totp,crust,0,completed,True,0,1,2026-08-05T21:14:38.309613Z,2026-08-05T22:46:34.577139Z,,,/opt/codeweaver-gpt-sol-comparison/runs-shard6/full/crust__totp/rep0,2,True
93,crust__totp,totp,crust,1,completed,True,0,1,2026-08-05T21:21:10.226961Z,2026-08-05T22:18:22.000893Z,,,/opt/codeweaver-gpt-sol-comparison/runs-shard6/full/crust__totp/rep1,2,True
93,crust__totp,totp,crust,2,completed,True,0,1,2026-08-05T21:21:23.689711Z,2026-08-05T22:29:19.254784Z,,,/opt/codeweaver-gpt-sol-comparison/runs-shard6/full/crust__totp/rep2,2,True
94,crust__ulidgen,ulidgen,crust,0,completed,True,0,1,2026-08-05T21:33:18.171671Z,2026-08-05T23:04:48.832109Z,,,/opt/codeweaver-gpt-sol-comparison/runs-shard6/full/crust__ulidgen/rep0,2,True
94,crust__ulidgen,ulidgen,crust,1,completed,True,0,1,2026-08-05T22:07:53.176176Z,2026-08-06T00:44:52.565555Z,,,/opt/codeweaver-gpt-sol-comparison/runs-shard6/full/crust__ulidgen/rep1,2,True
94,crust__ulidgen,ulidgen,crust,2,completed,True,0,1,2026-08-05T22:18:22.008098Z,2026-08-05T23:17:16.303514Z,,,/opt/codeweaver-gpt-sol-comparison/runs-shard6/full/crust__ulidgen/rep2,2,True
95,crust__utf8,utf8,crust,0,failed,True,1,1,2026-08-05T22:26:19.815876Z,2026-08-06T01:01:36.021142Z,,"-gpt-sol-comparison/runs-shard6/full/crust__utf8/rep0/pipeline/burr.db [codeweaver] loaded state at startup: milestone_idx=0 history_len=0 (idx>0 => resumed, not restarted) [codeweaver] finished at terminal: done, history, milestone_idx, report, parity_complete, parity_report -> {}: done=False milestone_idx=10 M0 iter=1 passed=False M0 iter=2 passed=False M0 iter=3 passed=True M1 iter=1 passed=True M2 iter=1 passed=True M3 iter=1 passed=True M4 iter=1 passed=True M5 iter=1 passed=True M6 iter=1 passed=True M7 iter=1 passed=True M8 iter=1 passed=True M9 iter=1 passed=True M10 iter=1 passed=False M10 iter=2 passed=False M10 iter=3 passed=False M10 iter=4 passed=False M10 iter=5 passed=False",/opt/codeweaver-gpt-sol-comparison/runs-shard6/full/crust__utf8/rep0,2,True
95,crust__utf8,utf8,crust,1,failed,True,1,1,2026-08-05T22:29:19.260620Z,2026-08-05T23:10:34.482004Z,,"[codeweaver] project=crust__utf8 app_id=full-crust__utf8-rep1 mock=False db=/opt/codeweaver-gpt-sol-comparison/runs-shard6/full/crust__utf8/rep1/pipeline/burr.db [codeweaver] loaded state at startup: milestone_idx=0 history_len=0 (idx>0 => resumed, not restarted) [codeweaver] finished at terminal: done, history, milestone_idx, report, parity_complete, parity_report -> {}: done=False milestone_idx=0 M0 iter=1 passed=False M0 iter=2 passed=False M0 iter=3 passed=False M0 iter=4 passed=False M0 iter=5 passed=False",/opt/codeweaver-gpt-sol-comparison/runs-shard6/full/crust__utf8/rep1,2,True
95,crust__utf8,utf8,crust,2,completed,True,0,1,2026-08-05T22:33:38.006643Z,2026-08-05T23:38:58.843893Z,,,/opt/codeweaver-gpt-sol-comparison/runs-shard6/full/crust__utf8/rep2,2,True
96,crust__vaultsync,vaultsync,crust,0,completed,True,0,1,2026-08-05T22:37:35.368541Z,2026-08-06T01:11:02.352273Z,,,/opt/codeweaver-gpt-sol-comparison/runs-shard6/full/crust__vaultsync/rep0,2,True
96,crust__vaultsync,vaultsync,crust,1,completed,True,0,1,2026-08-05T22:41:16.823039Z,2026-08-06T02:46:42.487072Z,,,/opt/codeweaver-gpt-sol-comparison/runs-shard6/full/crust__vaultsync/rep1,2,True
96,crust__vaultsync,vaultsync,crust,2,completed,True,0,1,2026-08-05T22:46:34.600039Z,2026-08-06T02:10:39.542432Z,,,/opt/codeweaver-gpt-sol-comparison/runs-shard6/full/crust__vaultsync/rep2,2,True
97,crust__vec,vec,crust,0,completed,True,0,1,2026-08-05T23:04:48.839333Z,2026-08-06T00:46:16.417976Z,,,/opt/codeweaver-gpt-sol-comparison/runs-shard6/full/crust__vec/rep0,2,True
97,crust__vec,vec,crust,1,completed,True,0,1,2026-08-05T23:10:34.487989Z,2026-08-06T00:55:36.084140Z,,,/opt/codeweaver-gpt-sol-comparison/runs-shard6/full/crust__vec/rep1,2,True
97,crust__vec,vec,crust,2,completed,True,0,1,2026-08-05T23:17:16.314892Z,2026-08-06T00:56:52.312995Z,,,/opt/codeweaver-gpt-sol-comparison/runs-shard6/full/crust__vec/rep2,2,True
98,crust__worsp,worsp,crust,0,failed,True,1,2,2026-08-06T03:38:31.468585Z,2026-08-06T04:54:48.103335Z,,done=False milestone_idx=25 M0 iter=1 passed=False M0 iter=2 passed=True M1 iter=1 passed=True M2 iter=1 passed=True M3 iter=1 passed=True M4 iter=1 passed=True M5 iter=1 passed=True M6 iter=1 passed=True M7 iter=1 passed=True M8 iter=1 passed=True M9 iter=1 passed=True M10 iter=1 passed=True M11 iter=1 passed=True M12 iter=1 passed=True M13 iter=1 passed=True M14 iter=1 passed=True M15 iter=1 passed=True M16 iter=1 passed=True M17 iter=1 passed=True M18 iter=1 passed=True M19 iter=1 passed=True M20 iter=1 passed=True M21 iter=1 passed=True M22 iter=1 passed=True M23 iter=1 passed=True M24 iter=1 passed=True M25 iter=1 passed=True,/opt/codeweaver-gpt-sol-comparison/runs-shard6/full/crust__worsp/rep0,2,True
98,crust__worsp,worsp,crust,1,failed,True,1,2,2026-08-06T03:38:31.468856Z,2026-08-06T04:52:09.481481Z,,"estone_idx, report, parity_complete, parity_report -> {}: done=False milestone_idx=23 M0 iter=1 passed=False M0 iter=2 passed=True M1 iter=1 passed=True M2 iter=1 passed=True M3 iter=1 passed=True M4 iter=1 passed=True M5 iter=1 passed=True M6 iter=1 passed=True M7 iter=1 passed=True M8 iter=1 passed=True M9 iter=1 passed=True M10 iter=1 passed=True M11 iter=1 passed=True M12 iter=1 passed=True M13 iter=1 passed=True M14 iter=1 passed=True M15 iter=1 passed=True M16 iter=1 passed=True M17 iter=1 passed=True M18 iter=1 passed=True M19 iter=1 passed=True M20 iter=1 passed=True M21 iter=1 passed=True M22 iter=1 passed=True M23 iter=1 passed=True",/opt/codeweaver-gpt-sol-comparison/runs-shard6/full/crust__worsp/rep1,2,True
98,crust__worsp,worsp,crust,2,failed,True,1,3,2026-08-06T05:43:02.187631Z,2026-08-06T07:04:35.942258Z,,M1 iter=1 passed=True M2 iter=1 passed=True M3 iter=1 passed=True M4 iter=1 passed=True M5 iter=1 passed=True M6 iter=1 passed=True M7 iter=1 passed=True M8 iter=1 passed=True M9 iter=1 passed=True M10 iter=1 passed=True M11 iter=1 passed=True M12 iter=1 passed=True M13 iter=1 passed=True M14 iter=1 passed=True M15 iter=1 passed=True M16 iter=1 passed=True M17 iter=1 passed=True M18 iter=1 passed=True M19 iter=1 passed=True M20 iter=1 passed=True M21 iter=1 passed=True M22 iter=1 passed=True M23 iter=1 passed=True M24 iter=1 passed=True M25 iter=1 passed=True M26 iter=1 passed=True M27 iter=1 passed=True M28 iter=1 passed=True,/opt/codeweaver-gpt-sol-comparison/runs-shard6/full/crust__worsp/rep2,2,True
99,crust__xopt,xopt,crust,0,completed,True,0,1,2026-08-06T00:55:36.095097Z,2026-08-06T03:13:40.418671Z,,,/opt/codeweaver-gpt-sol-comparison/runs-shard6/full/crust__xopt/rep0,2,True
99,crust__xopt,xopt,crust,1,completed,True,0,2,2026-08-06T04:52:09.485067Z,2026-08-06T04:59:41.822122Z,,,/opt/codeweaver-gpt-sol-comparison/runs-shard6/full/crust__xopt/rep1,2,True
99,crust__xopt,xopt,crust,2,completed,True,0,2,2026-08-06T04:54:48.107423Z,2026-08-06T05:09:39.769668Z,,,/opt/codeweaver-gpt-sol-comparison/runs-shard6/full/crust__xopt/rep2,2,True
100,oxidizer__checkdigit,checkdigit,oxidizer,0,completed,True,0,1,2026-08-06T01:11:02.374863Z,2026-08-06T02:22:39.560059Z,,,/opt/codeweaver-gpt-sol-comparison/runs-shard6/full/oxidizer__checkdigit/rep0,2,True
100,oxidizer__checkdigit,checkdigit,oxidizer,1,completed,True,0,1,2026-08-06T02:10:39.553620Z,2026-08-06T02:54:02.686776Z,,,/opt/codeweaver-gpt-sol-comparison/runs-shard6/full/oxidizer__checkdigit/rep1,2,True
100,oxidizer__checkdigit,checkdigit,oxidizer,2,completed,True,0,1,2026-08-06T02:22:39.567070Z,2026-08-06T03:06:11.202809Z,,,/opt/codeweaver-gpt-sol-comparison/runs-shard6/full/oxidizer__checkdigit/rep2,2,True
101,oxidizer__go-edlib,go-edlib,oxidizer,0,completed,True,0,3,2026-08-06T07:04:35.985782Z,2026-08-06T07:56:14.320497Z,,,/opt/codeweaver-gpt-sol-comparison/runs-shard6/full/oxidizer__go-edlib/rep0,2,True
101,oxidizer__go-edlib,go-edlib,oxidizer,1,completed,True,0,3,2026-08-06T07:56:14.348936Z,2026-08-06T08:00:38.891404Z,,,/opt/codeweaver-gpt-sol-comparison/runs-shard6/full/oxidizer__go-edlib/rep1,2,True
101,oxidizer__go-edlib,go-edlib,oxidizer,2,completed,True,0,2,2026-08-06T08:00:38.895758Z,2026-08-06T09:07:56.055788Z,,,/opt/codeweaver-gpt-sol-comparison/runs-shard6/full/oxidizer__go-edlib/rep2,2,True
102,oxidizer__gohistogram,gohistogram,oxidizer,0,completed,True,0,1,2026-08-05T17:19:29.646867Z,2026-08-05T18:19:00.563307Z,,,/opt/codeweaver-gpt-sol-comparison/runs/full/oxidizer__gohistogram/rep0,0,True
102,oxidizer__gohistogram,gohistogram,oxidizer,1,completed,True,0,1,2026-08-06T09:58:32.775467Z,2026-08-06T10:41:13.131470Z,,,/opt/codeweaver-gpt-sol-comparison/runs/full/oxidizer__gohistogram/rep1,0,True
102,oxidizer__gohistogram,gohistogram,oxidizer,2,completed,True,0,1,2026-08-06T10:31:11.463409Z,2026-08-06T11:17:39.993076Z,,,/opt/codeweaver-gpt-sol-comparison/runs/full/oxidizer__gohistogram/rep2,0,True
103,oxidizer__gonameparts,gonameparts,oxidizer,0,completed,True,0,2,2026-08-06T09:07:56.061637Z,2026-08-06T10:27:56.942168Z,,,/opt/codeweaver-gpt-sol-comparison/runs-shard6/full/oxidizer__gonameparts/rep0,2,True
103,oxidizer__gonameparts,gonameparts,oxidizer,1,completed,True,0,2,2026-08-06T10:27:56.976019Z,2026-08-06T12:00:29.316201Z,,,/opt/codeweaver-gpt-sol-comparison/runs-shard6/full/oxidizer__gonameparts/rep1,2,True
103,oxidizer__gonameparts,gonameparts,oxidizer,2,completed,True,0,1,2026-08-06T12:00:29.379745Z,2026-08-06T13:18:05.090807Z,,,/opt/codeweaver-gpt-sol-comparison/runs-shard6/full/oxidizer__gonameparts/rep2,2,True
104,oxidizer__stats,stats,oxidizer,0,completed,True,0,1,2026-08-06T13:18:05.097422Z,2026-08-06T17:10:17.594662Z,,,/opt/codeweaver-gpt-sol-comparison/runs-shard6/full/oxidizer__stats/rep0,2,True
104,oxidizer__stats,stats,oxidizer,1,completed,True,0,1,2026-08-06T17:10:17.597040Z,2026-08-06T18:41:27.525850Z,,,/opt/codeweaver-gpt-sol-comparison/runs-shard6/full/oxidizer__stats/rep1,2,True
104,oxidizer__stats,stats,oxidizer,2,completed,True,0,1,2026-08-06T18:41:27.529894Z,2026-08-06T20:12:44.334750Z,,,/opt/codeweaver-gpt-sol-comparison/runs-shard6/full/oxidizer__stats/rep2,2,True
105,oxidizer__textrank,textrank,oxidizer,0,completed,True,0,1,2026-08-06T20:12:44.337802Z,2026-08-06T21:09:08.842718Z,,,/opt/codeweaver-gpt-sol-comparison/runs-shard6/full/oxidizer__textrank/rep0,2,True
105,oxidizer__textrank,textrank,oxidizer,1,completed,True,0,1,2026-08-06T21:09:08.845752Z,2026-08-06T22:37:33.374771Z,,,/opt/codeweaver-gpt-sol-comparison/runs-shard6/full/oxidizer__textrank/rep1,2,True
105,oxidizer__textrank,textrank,oxidizer,2,completed,True,0,1,2026-08-06T22:37:33.378374Z,2026-08-07T00:09:42.382710Z,,,/opt/codeweaver-gpt-sol-comparison/runs-shard6/full/oxidizer__textrank/rep2,2,True
106,alphatrans__commons-cli,commons-cli,alphatrans,0,failed,True,1,1,2026-08-07T00:09:42.389528Z,2026-08-07T03:29:31.524775Z,,"] loaded state at startup: milestone_idx=0 history_len=0 (idx>0 => resumed, not restarted) [codeweaver] finished at terminal: done, history, milestone_idx, report, parity_complete, parity_report -> {}: done=False milestone_idx=19 M0 iter=1 passed=True M1 iter=1 passed=True M2 iter=1 passed=True M3 iter=1 passed=True M4 iter=1 passed=True M5 iter=1 passed=True M6 iter=1 passed=True M7 iter=1 passed=True M8 iter=1 passed=True M9 iter=1 passed=True M10 iter=1 passed=True M11 iter=1 passed=True M12 iter=1 passed=True M13 iter=1 passed=True M14 iter=1 passed=True M15 iter=1 passed=True M16 iter=1 passed=True M17 iter=1 passed=True M18 iter=1 passed=True M19 iter=1 passed=True",/opt/codeweaver-gpt-sol-comparison/runs-shard6/full/alphatrans__commons-cli/rep0,2,True
106,alphatrans__commons-cli,commons-cli,alphatrans,1,failed,True,1,1,2026-08-07T03:29:31.527391Z,2026-08-07T06:44:23.761351Z,,"l-comparison/runs-shard6/full/alphatrans__commons-cli/rep1/pipeline/burr.db [codeweaver] loaded state at startup: milestone_idx=0 history_len=0 (idx>0 => resumed, not restarted) [codeweaver] finished at terminal: done, history, milestone_idx, report, parity_complete, parity_report -> {}: done=False milestone_idx=16 M0 iter=1 passed=True M1 iter=1 passed=True M2 iter=1 passed=True M3 iter=1 passed=True M4 iter=1 passed=True M5 iter=1 passed=True M6 iter=1 passed=True M7 iter=1 passed=True M8 iter=1 passed=True M9 iter=1 passed=True M10 iter=1 passed=True M11 iter=1 passed=True M12 iter=1 passed=True M13 iter=1 passed=True M14 iter=1 passed=True M15 iter=1 passed=True M16 iter=1 passed=True",/opt/codeweaver-gpt-sol-comparison/runs-shard6/full/alphatrans__commons-cli/rep1,2,True
106,alphatrans__commons-cli,commons-cli,alphatrans,2,completed,True,0,1,2026-08-07T06:44:23.766281Z,2026-08-07T08:16:03.966520Z,,,/opt/codeweaver-gpt-sol-comparison/runs-shard6/full/alphatrans__commons-cli/rep2,2,True
107,alphatrans__commons-csv,commons-csv,alphatrans,0,completed,True,0,1,2026-08-07T08:16:03.971049Z,2026-08-07T11:26:05.440018Z,,,/opt/codeweaver-gpt-sol-comparison/runs-shard6/full/alphatrans__commons-csv/rep0,2,True
107,alphatrans__commons-csv,commons-csv,alphatrans,1,completed,True,0,1,2026-08-07T11:26:05.443701Z,2026-08-07T13:28:23.811287Z,,,/opt/codeweaver-gpt-sol-comparison/runs-shard6/full/alphatrans__commons-csv/rep1,2,True
107,alphatrans__commons-csv,commons-csv,alphatrans,2,running,False,,1,2026-08-07T13:28:23.814617Z,,,,/opt/codeweaver-gpt-sol-comparison/runs-shard6/full/alphatrans__commons-csv/rep2,2,True
108,alphatrans__commons-fileupload,commons-fileupload,alphatrans,0,failed,True,1,1,2026-08-05T17:19:29.646553Z,2026-08-05T22:25:55.460011Z,,M1 iter=2 passed=True M2 iter=1 passed=True M3 iter=1 passed=True M4 iter=1 passed=True M5 iter=1 passed=True M6 iter=1 passed=True M7 iter=1 passed=True M8 iter=1 passed=True M9 iter=1 passed=True M10 iter=1 passed=False M10 iter=2 passed=True M11 iter=1 passed=True M12 iter=1 passed=True M13 iter=1 passed=True M14 iter=1 passed=True M15 iter=1 passed=True M16 iter=1 passed=True M17 iter=1 passed=True M18 iter=1 passed=True M19 iter=1 passed=True M20 iter=1 passed=True M21 iter=1 passed=True M22 iter=1 passed=True M23 iter=1 passed=True M24 iter=1 passed=True M25 iter=1 passed=True M26 iter=1 passed=True M27 iter=1 passed=True,/opt/codeweaver-gpt-sol-comparison/runs/full/alphatrans__commons-fileupload/rep0,0,True
108,alphatrans__commons-fileupload,commons-fileupload,alphatrans,1,failed,True,1,1,2026-08-06T10:41:13.160073Z,2026-08-06T15:11:46.486165Z,,M2 iter=1 passed=False M2 iter=2 passed=True M3 iter=1 passed=True M4 iter=1 passed=True M5 iter=1 passed=True M6 iter=1 passed=True M7 iter=1 passed=True M8 iter=1 passed=True M9 iter=1 passed=True M10 iter=1 passed=False M10 iter=2 passed=True M11 iter=1 passed=True M12 iter=1 passed=True M13 iter=1 passed=True M14 iter=1 passed=True M15 iter=1 passed=True M16 iter=1 passed=True M17 iter=1 passed=True M18 iter=1 passed=True M19 iter=1 passed=True M20 iter=1 passed=True M21 iter=1 passed=True M22 iter=1 passed=True M23 iter=1 passed=True M24 iter=1 passed=True M25 iter=1 passed=True M26 iter=1 passed=True M27 iter=1 passed=True,/opt/codeweaver-gpt-sol-comparison/runs/full/alphatrans__commons-fileupload/rep1,0,True
108,alphatrans__commons-fileupload,commons-fileupload,alphatrans,2,completed,True,0,1,2026-08-06T11:17:40.069154Z,2026-08-06T12:59:47.968233Z,,,/opt/codeweaver-gpt-sol-comparison/runs/full/alphatrans__commons-fileupload/rep2,0,True
109,alphatrans__commons-validator,commons-validator,alphatrans,0,queued,False,,,,,,,/opt/codeweaver-gpt-sol-comparison/runs-shard6/full/alphatrans__commons-validator/rep0,2,True
109,alphatrans__commons-validator,commons-validator,alphatrans,1,queued,False,,,,,,,/opt/codeweaver-gpt-sol-comparison/runs-shard6/full/alphatrans__commons-validator/rep1,2,True
109,alphatrans__commons-validator,commons-validator,alphatrans,2,queued,False,,,,,,,/opt/codeweaver-gpt-sol-comparison/runs-shard6/full/alphatrans__commons-validator/rep2,2,True
110,skel__bst,bst,skel,0,completed,True,0,1,2026-08-05T17:19:29.648089Z,2026-08-05T18:06:37.931932Z,,,/opt/codeweaver-gpt-sol-comparison/runs/full/skel__bst/rep0,0,True
110,skel__bst,bst,skel,1,completed,True,0,1,2026-08-06T12:59:47.985545Z,2026-08-06T13:43:56.307516Z,,,/opt/codeweaver-gpt-sol-comparison/runs/full/skel__bst/rep1,0,True
110,skel__bst,bst,skel,2,completed,True,0,1,2026-08-06T13:43:56.311606Z,2026-08-06T15:48:17.296356Z,,,/opt/codeweaver-gpt-sol-comparison/runs/full/skel__bst/rep2,0,True
111,skel__colorsys,colorsys,skel,0,queued,False,,,,,,,/opt/codeweaver-gpt-sol-comparison/runs-shard6/full/skel__colorsys/rep0,2,True
111,skel__colorsys,colorsys,skel,1,queued,False,,,,,,,/opt/codeweaver-gpt-sol-comparison/runs-shard6/full/skel__colorsys/rep1,2,True
111,skel__colorsys,colorsys,skel,2,queued,False,,,,,,,/opt/codeweaver-gpt-sol-comparison/runs-shard6/full/skel__colorsys/rep2,2,True
112,skel__heapq,heapq,skel,0,queued,False,,,,,,,/opt/codeweaver-gpt-sol-comparison/runs-shard6/full/skel__heapq/rep0,2,True
112,skel__heapq,heapq,skel,1,queued,False,,,,,,,/opt/codeweaver-gpt-sol-comparison/runs-shard6/full/skel__heapq/rep1,2,True
112,skel__heapq,heapq,skel,2,queued,False,,,,,,,/opt/codeweaver-gpt-sol-comparison/runs-shard6/full/skel__heapq/rep2,2,True
113,skel__html,html,skel,0,queued,False,,,,,,,/opt/codeweaver-gpt-sol-comparison/runs-shard6/full/skel__html/rep0,2,True
113,skel__html,html,skel,1,queued,False,,,,,,,/opt/codeweaver-gpt-sol-comparison/runs-shard6/full/skel__html/rep1,2,True
113,skel__html,html,skel,2,queued,False,,,,,,,/opt/codeweaver-gpt-sol-comparison/runs-shard6/full/skel__html/rep2,2,True
114,skel__mathgen,mathgen,skel,0,queued,False,,,,,,,/opt/codeweaver-gpt-sol-comparison/runs-shard6/full/skel__mathgen/rep0,2,True
114,skel__mathgen,mathgen,skel,1,queued,False,,,,,,,/opt/codeweaver-gpt-sol-comparison/runs-shard6/full/skel__mathgen/rep1,2,True
114,skel__mathgen,mathgen,skel,2,queued,False,,,,,,,/opt/codeweaver-gpt-sol-comparison/runs-shard6/full/skel__mathgen/rep2,2,True
115,skel__rbt,rbt,skel,0,queued,False,,,,,,,/opt/codeweaver-gpt-sol-comparison/runs-shard6/full/skel__rbt/rep0,2,True
115,skel__rbt,rbt,skel,1,queued,False,,,,,,,/opt/codeweaver-gpt-sol-comparison/runs-shard6/full/skel__rbt/rep1,2,True
115,skel__rbt,rbt,skel,2,queued,False,,,,,,,/opt/codeweaver-gpt-sol-comparison/runs-shard6/full/skel__rbt/rep2,2,True
116,skel__strsim,strsim,skel,0,queued,False,,,,,,,/opt/codeweaver-gpt-sol-comparison/runs-shard6/full/skel__strsim/rep0,2,True
116,skel__strsim,strsim,skel,1,queued,False,,,,,,,/opt/codeweaver-gpt-sol-comparison/runs-shard6/full/skel__strsim/rep1,2,True
116,skel__strsim,strsim,skel,2,queued,False,,,,,,,/opt/codeweaver-gpt-sol-comparison/runs-shard6/full/skel__strsim/rep2,2,True
117,skel__toml,toml,skel,0,queued,False,,,,,,,/opt/codeweaver-gpt-sol-comparison/runs-shard6/full/skel__toml/rep0,2,True
117,skel__toml,toml,skel,1,queued,False,,,,,,,/opt/codeweaver-gpt-sol-comparison/runs-shard6/full/skel__toml/rep1,2,True
117,skel__toml,toml,skel,2,queued,False,,,,,,,/opt/codeweaver-gpt-sol-comparison/runs-shard6/full/skel__toml/rep2,2,True
